instance,alpha,jobs,stages,solution_d0,solution_d0,last_improvment_time_d0,solution_d0,solution_d1,solution_d1,last_improvment_time_d1,solution_d1,MIN,gap_d0,gap_d1
,,,,mean,min,mean,cv,mean,min,mean,cv,,,
1001,0.2,30,5,4539.7142,4529.5359,6.578239999999999,0.2579342280955671,4543.32372,4533.3745,4.391,0.26354292920257744,4529.5359,0.0,0.08474598909791271
1011,0.2,30,5,7979.677559999999,7965.4838,6.470439999999999,0.13425237813530294,7952.52332,7946.6426,6.48048,0.1470463252383294,7946.6426,0.23709635563577308,0.0
1021,0.2,30,5,5655.7472,5649.5325,5.473520000000001,0.11819341872710729,5707.402599999999,5652.0782,5.727639999999999,1.3067154449340723,5649.5325,0.0,0.04506036561431711
1031,0.2,30,5,12465.9822,12464.232,5.782220000000001,0.012766716391057125,12452.84714,12449.808,6.974819999999999,0.0335276041153066,12449.808,0.11585720840031483,0.0
1041,0.2,30,5,15766.3032,15756.842,4.94826,0.043869379397205026,15781.57108,15769.8998,4.24568,0.06029680753328517,15756.842,0.0,0.08287066659676272
1051,0.2,30,5,25545.167999999998,25532.0658,5.14296,0.030665941804231413,25552.04238,25543.8681,4.51476,0.03034456516607528,25532.0658,0.0,0.04622540178476031
1061,0.2,30,5,4409.42698,4401.5838,4.5282,0.18575520057672046,4400.39748,4384.8183,6.6262,0.33721260820484755,4384.8183,0.38235335772067064,0.0
1071,0.2,30,5,7858.9158800000005,7857.1498,3.7551,0.01588741920727024,7815.50344,7812.6476,3.9092,0.029263221323157684,7812.6476,0.5696173983324155,0.0
1081,0.2,30,5,4154.97328,4128.7606,6.30278,0.43299953954674225,4049.1408199999996,4025.2687,6.70958,0.6377222433387106,4025.2687,2.5710556912635307,0.0
1091,0.2,30,5,15379.03334,15374.0263,4.33654,0.039746042346927656,15374.69124,15370.4917,5.127,0.017725851028737312,15370.4917,0.022996011246660675,0.0
1101,0.2,30,5,17798.37724,17788.9501,6.497459999999999,0.0386366078167772,17795.851020000002,17782.9579,5.14076,0.07803211515500107,17782.9579,0.03369630650701229,0.0
1111,0.2,30,5,22812.31826,22777.195,5.1309,0.10765291363286546,22577.38722,22563.5533,6.2212000000000005,0.05897059764219916,22563.5533,0.9468442189023487,0.0
1121,0.2,30,5,1083.4291600000001,1074.7767,7.64346,0.967417687526989,926.40762,914.6661,6.8147199999999994,0.7359612561272697,914.6661,17.504814051816272,0.0
1131,0.2,30,5,7069.58754,7010.1308,4.0686599999999995,0.686743809944777,7123.9870200000005,7055.5617,5.71446,0.7089028582089687,7010.1308,0.0,0.6480749260769898
1141,0.2,30,5,5799.36992,5779.2866,7.6544,0.25466651437942794,5702.142040000001,5688.199,6.46178,0.3056819757303432,5688.199,1.6013434129150677,0.0
1151,0.2,30,5,12425.3039,12393.7433,5.00934,0.24419794839022163,12430.80932,12405.6894,5.93726,0.17223790443476206,12393.7433,0.0,0.09638815094709284
1161,0.2,30,5,17837.2098,17833.1519,5.785819999999999,0.013502870424880693,17675.372779999998,17673.6494,4.755879999999999,0.019293043067201796,17673.6494,0.9024876322374163,0.0
1171,0.2,30,5,17310.202960000002,17296.5163,7.785000000000001,0.07641976514002363,17306.58638,17276.505,6.17228,0.15125106640917882,17276.505,0.11582956159245344,0.0
1181,0.2,30,5,2658.24562,2638.5682,5.1169199999999995,0.8448885656031588,2601.20052,2600.2867,5.089440000000001,0.07855463750248588,2600.2867,1.4722030459179771,0.0
1191,0.2,30,5,7078.829519999999,7073.7772,3.6629400000000003,0.09349739422383835,7036.926799999999,7020.3896,7.1322,0.20082049656932555,7020.3896,0.7604649177874689,0.0
1201,0.2,30,5,7331.15102,7317.6167,7.72372,0.18786007575438932,7330.24568,7314.5547,3.98566,0.16405069746354756,7314.5547,0.04186174176809285,0.0
1211,0.2,30,5,11091.99386,11078.1419,5.4233199999999995,0.08495161596748305,11071.1178,11051.1435,7.09414,0.11149906249392266,11051.1435,0.24430413015630828,0.0
1221,0.2,30,5,18104.20068,18074.6419,3.5131799999999997,0.14710849415624136,18007.54654,17989.8345,6.30474,0.10715983501465404,17989.8345,0.47141845579512065,0.0
1231,0.2,30,5,16572.582459999998,16545.2824,3.82468,0.13557352395559918,16588.30792,16534.5024,4.5121,0.20902498987525275,16534.5024,0.06519700284417894,0.0
1241,0.2,30,5,4329.3803,4301.2421,5.61016,0.4913175752929378,4312.30092,4282.3455,5.8315,0.5564452346891059,4282.3455,0.4412675250046974,0.0
1251,0.2,30,5,9181.873739999999,9140.006,3.9497999999999998,0.49192383887416175,9198.58358,9160.4361,4.753439999999999,0.35225396947668886,9140.006,0.0,0.22352392328846835
1261,0.2,30,5,7120.45484,7099.3914,7.78604,0.2503017282472635,6925.055960000001,6885.3791,5.05152,0.323120946346733,6885.3791,3.1082137510772694,0.0
1271,0.2,30,5,6468.75816,6456.6368,5.43054,0.17906724096284773,6445.39646,6406.8376,5.301340000000001,0.41798944206882177,6406.8376,0.777282071267116,0.0
1281,0.2,30,5,10350.28746,10333.0081,6.2335,0.16751109057038152,10360.72868,10308.7172,3.1355999999999997,0.29372350274021275,10308.7172,0.2356345559658962,0.0
1291,0.2,30,5,17156.40438,17146.3063,5.0974,0.08442908921773339,17179.7364,17162.6765,4.73004,0.09765798041606266,17146.3063,0.0,0.09547362396063813
1301,0.2,30,5,4645.70554,4600.5267,6.456480000000001,0.572718230831828,4546.72448,4546.7038,3.59664,0.0010170373414573322,4546.7038,1.1837784550645265,0.0
1311,0.2,30,5,5647.08424,5639.6024,7.45884,0.09535186984252657,5567.03146,5564.1091,4.83202,0.04292134152359886,5564.1091,1.3567904338899484,0.0
1321,0.2,30,5,9525.30398,9518.4821,4.7482999999999995,0.043460063497923175,9500.79792,9490.8393,5.1638399999999995,0.07585047872555792,9490.8393,0.29125769730396367,0.0
1331,0.2,30,5,4027.7755600000005,4013.4422,4.9569600000000005,0.20894901160123341,3956.8896,3947.7128,4.36348,0.23109943483289797,3947.7128,1.6649995410000487,0.0
1341,0.2,30,5,10846.814620000001,10827.5856,6.1660200000000005,0.12554629933110145,10671.600600000002,10669.1378,6.912940000000001,0.03005611075540351,10669.1378,1.4851040727958347,0.0
1351,0.2,30,5,24864.87452,24859.5164,6.42786,0.025760777851339692,24871.71586,24862.9156,5.68686,0.055285284365499225,24859.5164,0.0,0.013673636869299023
1361,0.2,30,5,3897.88612,3836.314,3.5388999999999995,1.3749581138218516,3890.44168,3832.7952,8.068859999999999,0.9643633648720314,3832.7952,0.09180767080901761,0.0
1371,0.2,30,5,5476.36564,5453.3604,3.24838,0.3557089364353459,5497.0941,5425.1488,4.75968,0.7933793785141166,5425.1488,0.520015229812676,0.0
1381,0.2,30,5,5769.77528,5739.3412,5.26182,0.42267087013215066,5784.56446,5739.4351,6.42662,0.7744204477519945,5739.3412,0.0,0.0016360762799717964
1391,0.2,30,5,10992.49804,10975.3524,6.6052599999999995,0.15381650158795854,10980.8323,10964.0748,7.3105199999999995,0.1406088710123226,10964.0748,0.10285956823278365,0.0
1401,0.2,30,5,12144.935560000002,12137.6983,4.69784,0.04533031682372181,12143.7266,12130.7965,5.23724,0.09873672337255168,12130.7965,0.05689486259207826,0.0
1411,0.2,30,5,16113.7698,16108.7133,6.23594,0.024588984250375784,16112.10676,16084.4086,5.25708,0.10126295085196178,16084.4086,0.15110720328255509,0.0
1421,0.2,30,5,4259.97486,4251.6023,7.00312,0.22322656296303064,4178.3849199999995,4151.3071,5.37792,0.37669610959751665,4151.3071,2.4159908574337843,0.0
1431,0.2,30,5,8504.49888,8495.235,5.61182,0.17455126946800809,8482.95894,8462.8019,5.66616,0.230055311562654,8462.8019,0.3832430486172693,0.0
1441,0.2,30,5,8745.1004,8700.2701,3.8739399999999997,0.37372355605915847,8566.71446,8521.4573,5.958740000000001,0.415777810098921,8521.4573,2.098382866977456,0.0
1451,0.2,30,5,7037.83272,7031.1056,5.4801400000000005,0.10191521372324695,6890.35656,6887.7709,4.7027,0.027117150837103324,6887.7709,2.0810027232467827,0.0
1461,0.2,30,5,22428.6068,22422.9334,6.08454,0.04807635286795489,22323.8478,22315.3597,7.15488,0.02647936635895724,22315.3597,0.4820612414327376,0.0
1471,0.2,30,5,16775.94272,16755.4816,4.34218,0.15728690959162528,16682.26194,16645.2856,5.19888,0.14786783704064155,16645.2856,0.6620252884095897,0.0
1481,0.2,30,10,7194.6482000000005,7176.2699,8.57218,0.17292588547538074,7186.72026,7175.4341,8.05156,0.09767280461007129,7175.4341,0.011648075758926355,0.0
1491,0.2,30,10,6991.72084,6953.7718,10.83674,0.5144607225250607,6779.292960000001,6742.9221,13.526660000000001,0.40297881722547085,6742.9221,3.126978139047471,0.0
1501,0.2,30,10,4655.80456,4621.0143,7.656740000000001,0.6628603884523772,4120.08982,4084.175,13.55642,0.7075128635264805,4084.175,13.144375547081102,0.0
1511,0.2,30,10,22259.7216,22253.601,7.5243400000000005,0.018740739704688963,22256.10834,22250.1433,13.842180000000003,0.02400259280828829,22250.1433,0.015540124633709762,0.0
1521,0.2,30,10,8772.60516,8735.3,5.6054,0.2663413650435331,8770.409179999999,8746.5717,9.63758,0.2015302676039483,8735.3,0.0,0.12903620940323912
1531,0.2,30,10,25164.93936,25160.5102,8.32798,0.01393358541359765,25031.57886,25018.0657,10.558060000000001,0.03802349107742948,25018.0657,0.5693665597816439,0.0
1541,0.2,30,10,15216.2511,15205.5733,12.80052,0.0649515669903673,15086.405540000002,15076.409,10.16544,0.07221995582944654,15076.409,0.8567312017072525,0.0
1551,0.2,30,10,14680.762359999999,14627.6045,10.61524,0.225264056106403,14641.74062,14611.6655,14.5786,0.145777409329542,14611.6655,0.10908407395447361,0.0
1561,0.2,30,10,7654.072320000001,7625.4327,8.57416,0.2662273467696826,7288.243700000001,7283.2582,10.047880000000001,0.07235956603524098,7283.2582,4.698096519494532,0.0
1571,0.2,30,10,19184.66084,19175.5658,11.39346,0.06123380576941987,19110.68546,19092.9008,9.72684,0.05350772364317374,19092.9008,0.4329619729653698,0.0
1581,0.2,30,10,22673.92956,22655.6587,9.277619999999999,0.08205704494727759,22330.56288,22305.8644,14.689240000000002,0.08180082074495204,22305.8644,1.5681719108809853,0.0
1591,0.2,30,10,45563.0835,45492.6696,9.71602,0.09211298009105238,45022.75252,44931.7289,14.5845,0.1583898345086268,44931.7289,1.2484289247992841,0.0
1601,0.2,30,10,5455.59898,5403.0451,13.502699999999999,0.6502027424364739,4803.960779999999,4790.1372,11.95016,0.32753827853140427,4790.1372,12.795205531900008,0.0
1611,0.2,30,10,2553.1607799999997,2529.5675,11.64768,0.8774247126697118,2006.68412,1966.8751,16.51294,2.5479615987055335,1966.8751,28.60844595571931,0.0
1621,0.2,30,10,16481.889040000002,16423.7036,14.471160000000001,0.26898637459408153,14368.64368,14318.776,18.080940000000002,0.3600896223045994,14318.776,14.700471604556151,0.0
1631,0.2,30,10,15813.553399999999,15807.4925,6.3616600000000005,0.034024393690390065,15812.14294,15778.4538,14.50624,0.17122588037864786,15778.4538,0.18404021311645236,0.0
1641,0.2,30,10,27217.75172,27212.7716,10.24822,0.02056743866181855,27148.689780000004,27142.8031,11.71292,0.02812360012028566,27142.8031,0.25777919746247224,0.0
1651,0.2,30,10,26601.03074,26570.4197,5.91414,0.09985105538232725,26618.06164,26560.1497,12.664060000000001,0.18136553068337133,26560.1497,0.03866695073633865,0.0
1661,0.2,30,10,5758.944659999999,5749.8222,9.888020000000001,0.15622641268873405,4960.66708,4941.6741,11.14096,0.30713595960613926,4941.6741,16.353731218333465,0.0
1671,0.2,30,10,9634.12764,9615.2586,10.196499999999999,0.13443917899775637,9102.49134,9066.6528,13.19968,0.3123367445528015,9066.6528,6.05080851888361,0.0
1681,0.2,30,10,10286.483199999999,10212.1037,10.341759999999999,0.6088617521841319,9903.38734,9876.3809,10.49172,0.23206833665595542,9876.3809,3.399249212836653,0.0
1691,0.2,30,10,15711.019819999998,15699.0361,7.3388800000000005,0.0756682544678999,15491.57912,15462.2275,11.22978,0.1095600043669987,15462.2275,1.531529658323799,0.0
1701,0.2,30,10,43167.784499999994,43126.7031,9.93686,0.07749456772784268,42306.196860000004,42287.8524,12.8411,0.03516764793000396,42287.8524,1.9836682460611204,0.0
1711,0.2,30,10,14835.979800000001,14805.0753,6.6912,0.11692063125719902,14554.307319999998,14535.3549,10.086780000000001,0.08201068930682778,14535.3549,1.8556161982670278,0.0
1721,0.2,30,10,6105.55806,6082.2121,9.376439999999999,0.3851570702910495,5487.6668,5458.7732,16.091720000000002,0.4329327945593946,5458.7732,11.420861009576294,0.0
1731,0.2,30,10,6757.070720000001,6747.8141,11.71682,0.15375122434947974,5422.64968,5369.776,15.99248,0.7778275448395593,5369.776,25.662860052262882,0.0
1741,0.2,30,10,6090.40182,6075.017,13.493860000000002,0.5165038262607967,5800.73028,5744.9069,13.95556,1.028886265776374,5744.9069,5.746134893848321,0.0
1751,0.2,30,10,17116.7467,17101.3939,7.31236,0.09867928977583888,16571.28168,16549.859,14.38954,0.09987881255801391,16549.859,3.3325655523711637,0.0
1761,0.2,30,10,18844.8427,18826.7443,12.43044,0.07806126914978374,18443.03438,18432.5336,13.34866,0.06880029816518188,18432.5336,2.1386680125189064,0.0
1771,0.2,30,10,21752.5757,21728.0343,10.023399999999999,0.07758560562991221,21728.59454,21706.7168,11.2086,0.12537189739999738,21706.7168,0.09820692920267436,0.0
1781,0.2,30,10,7103.7829,7083.2202,9.4292,0.23538863518404482,6356.15084,6326.153,12.03524,0.2784389665110653,6326.153,11.967260355543083,0.0
1791,0.2,30,10,13352.86868,13288.3102,12.566040000000001,0.6225267552095004,12637.6676,12620.376,13.13066,0.14150319712167772,12620.376,5.292506340540089,0.0
1801,0.2,30,10,25149.56362,25121.9473,6.31494,0.09332858145808538,23983.47022,23952.8491,15.2554,0.11632873556057971,23952.8491,4.880831483215917,0.0
1811,0.2,30,10,21735.7768,21714.0064,12.59462,0.07515147069936955,21435.70682,21424.1683,14.155000000000001,0.05085983153588408,21424.1683,1.3528557839045598,0.0
1821,0.2,30,10,27110.432520000002,27078.3758,5.22172,0.08623244211177455,26642.444199999998,26612.9173,14.46348,0.1048626909563629,26612.9173,1.748994650804407,0.0
1831,0.2,30,10,44481.09828,44445.0109,7.21372,0.06606977140511489,44158.5967,44123.0867,10.3439,0.06131848940139089,44123.0867,0.7296048941199784,0.0
1841,0.2,30,10,2762.93244,2711.2658,8.567240000000002,1.1441598577201664,2464.52792,2423.34,15.202460000000002,1.1142482873824124,2423.34,11.881362087036898,0.0
1851,0.2,30,10,3486.68428,3399.6394,9.298399999999999,2.6218800393239454,2773.66944,2744.4614,14.37698,0.7410233116226416,2744.4614,23.872735102049525,0.0
1861,0.2,30,10,4383.2532,4247.2686,8.56692,1.782108092964979,4257.17396,4143.7122,12.1861,1.7511859873625002,4143.7122,2.499121439949435,0.0
1871,0.2,30,10,12003.12608,11996.7585,9.96312,0.0703308011146419,11925.751,11913.3415,11.29762,0.09550111572511563,11913.3415,0.7001981769766229,0.0
1881,0.2,30,10,18479.401139999998,18442.4957,8.15438,0.11898683703933545,18159.27288,18150.7454,12.49998,0.05909050202807603,18150.7454,1.6073736564009085,0.0
1891,0.2,30,10,33632.17682,33603.0421,9.62908,0.06181166242825869,32965.709240000004,32948.7804,14.56868,0.05595719848105934,32948.7804,1.9856932246268981,0.0
1901,0.2,30,10,3129.6314599999996,3087.9545,11.69736,0.8298786783522283,2717.57532,2710.5085,14.92276,0.32289921370922814,2710.5085,13.925283761331128,0.0
1911,0.2,30,10,10460.62714,10459.4308,12.48844,0.018295180496126988,9861.2807,9856.5483,14.820059999999998,0.0860072085146501,9856.5483,6.116568210800526,0.0
1921,0.2,30,10,17951.803659999998,17930.1476,13.338999999999999,0.16757921221378855,17133.06732,17083.9407,11.92526,0.21290375016113722,17083.9407,4.953230140865574,0.0
1931,0.2,30,10,25755.66432,25746.4753,9.51288,0.028517972144640885,25277.0141,25234.9679,12.46132,0.10349269080113531,25234.9679,2.0269786037651296,0.0
1941,0.2,30,10,30550.00524,30485.4272,9.48518,0.11906366562328996,29994.104700000004,29976.4673,11.07128,0.05099909196537554,29976.4673,1.6978648448011018,0.0
1951,0.2,30,10,36031.66842,36004.003,10.53974,0.05057785513934084,35940.26558,35914.0411,12.53078,0.07563165406965355,35914.0411,0.2504922789098072,0.0
1961,0.2,30,30,8422.50166,8373.3921,20.10902,0.39200059784337843,5546.14674,5492.8499,35.3036,0.5797072730117482,5492.8499,52.44166966950979,0.0
1971,0.2,30,30,2382.57588,2330.2922,32.53018,1.7463888710239641,1024.40966,996.4849,34.53238,3.445249800587146,996.4849,133.85123046019058,0.0
1981,0.2,30,30,17043.94136,16890.5249,16.59932,0.7477289661461153,13460.28584,13359.9302,31.605780000000003,0.68796539709352,13359.9302,26.426745103803007,0.0
1991,0.2,30,30,28450.30556,28422.6242,23.31336,0.05920099037356953,27400.03088,27394.2508,28.18712,0.024789310154680826,27394.2508,3.7539752684165273,0.0
2001,0.2,30,30,48675.47674,48668.9266,19.7685,0.011499512523353964,46730.3723,46682.9305,30.346339999999998,0.08767879622165363,46682.9305,4.254223286175225,0.0
2011,0.2,30,30,67531.47446,67369.5176,28.925440000000002,0.14536371549374347,63789.334279999995,63751.3702,28.69834,0.06323150860839359,63751.3702,5.675403349997345,0.0
2021,0.2,30,30,21827.02412,21790.8274,16.905179999999998,0.12013642335236091,20893.690479999997,20860.2359,28.535860000000003,0.16424216287341267,20860.2359,4.461078505828396,0.0
2031,0.2,30,30,29621.065120000003,29581.5251,27.95292,0.15204400577671046,24220.9277,24216.9783,20.15576,0.015026615126775956,24216.9783,22.152007296467705,0.0
2041,0.2,30,30,33782.611,33389.1362,14.42096,0.6552407598182242,29699.200919999996,29588.0222,29.219780000000004,0.25606407259426583,29588.0222,12.846799878364298,0.0
2051,0.2,30,30,41790.2201,41757.0488,23.476499999999998,0.06343373814563429,40669.35686,40648.5874,26.33834,0.033672224113486623,40648.5874,2.726937074324999,0.0
2061,0.2,30,30,90849.68246000001,90815.776,21.26474,0.02812996351845321,89271.24081999999,89237.424,32.143299999999996,0.024465182456987183,89237.424,1.7687108493853418,0.0
2071,0.2,30,30,80372.83058,80335.4155,34.039120000000004,0.06680655187568092,73585.51574,73506.8599,27.09408,0.0645119080661334,73506.8599,9.2896848121246,0.0
2081,0.2,30,30,15380.759419999998,15252.6714,23.92558,0.6761537054284851,10057.12268,10014.8528,32.14648,0.6467303918459593,10014.8528,52.30050510577647,0.0
2091,0.2,30,30,19062.56182,19023.7637,24.500220000000002,0.13646071293579445,14279.68038,14269.0176,27.62846,0.044685465779818884,14269.0176,33.322168584331976,0.0
2101,0.2,30,30,15713.46906,15602.9092,11.94354,0.5648498331427392,11573.61874,11490.1777,29.512079999999997,0.4762161366160098,11490.1777,35.793454264854404,0.0
2111,0.2,30,30,49778.622019999995,49769.3813,22.631700000000002,0.018130448398681876,48606.96878,48591.1125,37.07674,0.03199619107291675,48591.1125,2.424864835107445,0.0
2121,0.2,30,30,67810.1182,67786.9456,20.26624,0.06382498725644732,65615.19522,65583.0898,33.77156,0.038801316521064444,65583.0898,3.360402516442592,0.0
2131,0.2,30,30,80279.3103,80218.0674,19.303019999999997,0.07350902380039247,75542.32658,75534.0889,29.171460000000003,0.012298917250383002,75534.0889,6.201145162684285,0.0
2141,0.2,30,30,19815.51408,19793.4565,34.88492,0.150417480030418,16521.202960000002,16511.7406,18.12962,0.04146413616078537,16511.7406,19.875045154234066,0.0
2151,0.2,30,30,16012.8875,15982.8206,22.28946,0.17685365904840822,14332.492600000001,14299.9039,27.344640000000005,0.14450848700491747,14299.9039,11.768727340887933,0.0
2161,0.2,30,30,8499.23428,8460.7483,26.866899999999998,0.310140963940257,6814.96324,6812.218,26.28812,0.08731890031302025,6812.218,24.199611638969856,0.0
2171,0.2,30,30,42852.0408,42716.1175,16.6083,0.20313672296521393,41386.44378,41308.2643,34.703379999999996,0.12364852365001273,41308.2643,3.4081635330293887,0.0
2181,0.2,30,30,77853.78674,77844.9949,18.06474,0.00832750213937735,77673.45632,77638.6964,35.89864,0.03558036443969799,77638.6964,0.2657160791793053,0.0
2191,0.2,30,30,64486.08968,64409.5939,23.5038,0.08618322108556489,59815.98774,59805.4152,30.781560000000002,0.02061886999734508,59805.4152,7.698598336961293,0.0
2201,0.2,30,30,6652.22142,6633.96,17.14372,0.2404950795568469,3841.8707999999997,3841.8708,15.974960000000001,0.0,3841.8708,72.67524977674938,0.0
2211,0.2,30,30,13663.6354,13537.3538,26.616880000000002,0.7977392046922855,8047.3227,7993.6489,27.94594,0.8661726496697076,7993.6489,69.35136843450806,0.0
2221,0.2,30,30,16553.0982,16391.1519,19.940019999999997,0.7911638073164523,12303.83876,12271.2637,31.34668,0.2841943291213696,12271.2637,33.57346317967237,0.0
2231,0.2,30,30,33691.427240000005,33652.3209,14.590699999999998,0.08399081215116172,32387.01344,32362.3605,31.46412,0.06307514720346036,32362.3605,3.9859898353211904,0.0
2241,0.2,30,30,61307.92513999999,61231.2172,26.29452,0.08446921080990194,59702.626379999994,59697.1013,28.127460000000003,0.007395978925933956,59697.1013,2.5698331520160376,0.0
2251,0.2,30,30,49700.02598,49652.7616,16.91122,0.13773062044728526,46151.82636,46094.6848,29.7067,0.08887369857602143,46094.6848,7.719060918711381,0.0
2261,0.2,30,30,17646.05272,17600.9059,18.29238,0.164351027254323,15085.650640000002,15049.9493,31.204340000000002,0.2602883085162362,15049.9493,16.949934841308743,0.0
2271,0.2,30,30,24576.474,24515.1415,29.948040000000002,0.15844098839258153,20709.39876,20681.8319,32.98542,0.082998284216904,20681.8319,18.53467148623329,0.0
2281,0.2,30,30,28149.63112,28053.9816,10.572379999999999,0.20951661493231738,25348.19486,25295.6523,24.26876,0.12087416735197977,25295.6523,10.90436122099922,0.0
2291,0.2,30,30,63315.008499999996,63279.7321,19.28456,0.04023175283553736,61642.07962,61618.1829,31.19606,0.029561787054336455,61618.1829,2.6965241780928944,0.0
2301,0.2,30,30,76512.45298,76468.657,19.07184,0.05919603352808961,74683.99606,74653.7434,28.657,0.034293244834680166,74653.7434,2.431108632122525,0.0
2311,0.2,30,30,93164.58066,93107.2451,17.35112,0.044526436904269884,90392.41476,90350.9497,30.2834,0.03624483518939129,90350.9497,3.0506545964950744,0.0
2321,0.2,30,30,16875.346859999998,16852.4958,23.33424,0.08433522392786993,16000.81356,15968.9644,31.49,0.19882488142434895,15968.9644,5.532803367011074,0.0
2331,0.2,30,30,18040.802,17977.5674,17.33766,0.4283474788628953,15115.58272,15086.5471,33.5846,0.25544550919558334,15086.5471,19.162902424505077,0.0
2341,0.2,30,30,26466.994919999997,26279.2676,23.1559,0.7674057402313901,21539.59482,21477.7422,36.49162,0.19862813620767725,21477.7422,22.355820063805396,0.0
2351,0.2,30,30,52940.46582,52910.782,21.04316,0.050703366595694216,50678.577600000004,50650.1628,35.381899999999995,0.062094061583060446,50650.1628,4.463202238710279,0.0
2361,0.2,30,30,50047.07094,50031.6783,18.98534,0.031794040283399536,49339.64484,49302.5049,28.55412,0.04818046097407335,49302.5049,1.4789784037930285,0.0
2371,0.2,30,30,75170.76298,75132.3102,17.48046,0.042363166231811855,72534.99832,72494.6621,29.436680000000003,0.04103855390637582,72494.6621,3.6384031921710354,0.0
2381,0.2,30,30,20000.6906,19921.2714,18.24804,0.32492215841229816,18551.22308,18464.3864,28.322179999999996,0.3259569705907865,18464.3864,7.890243241443442,0.0
2391,0.2,30,30,25912.109,25867.4915,22.71676,0.12594187820098704,23265.814739999998,23238.2803,25.861919999999998,0.11021319456648437,23238.2803,11.314138421852162,0.0
2401,0.2,30,30,22197.43756,22107.9343,36.38648,0.36642473052594227,19491.68732,19458.6108,27.03562,0.1184743232020097,19458.6108,13.615172877603381,0.0
2411,0.2,30,30,51683.74704,51637.3876,25.959659999999996,0.06350075260115642,49233.30328,49208.2509,29.57838,0.043482379733457116,49208.2509,4.936441868125824,0.0
2421,0.2,30,30,77266.68304,77207.3914,16.716820000000002,0.0644927015965467,76234.95892,76181.5433,25.794159999999998,0.05762115910424102,76181.5433,1.3465835103395554,0.0
2431,0.2,30,30,99608.47698,99560.9109,20.44778,0.036282886401795424,94553.03611999999,94509.3289,28.218079999999997,0.04016744710572438,94509.3289,5.3450617614109515,0.0
2441,0.2,50,5,10496.599259999999,10473.606,15.439339999999998,0.2615185834034674,10498.60356,10472.6926,28.768,0.2829647748588574,10472.6926,0.0087217302644733,0.0
2451,0.2,50,5,17531.15024,17485.8511,10.972719999999999,0.2575686124258753,17496.60972,17470.9781,17.1686,0.13206298083631204,17470.9781,0.08512975011971191,0.0
2461,0.2,50,5,18910.12622,18791.4888,12.39914,0.6311527451336796,18955.7463,18747.2024,13.36284,0.7299658752355742,18747.2024,0.2362293800167265,0.0
2471,0.2,50,5,17236.112780000003,17186.9513,8.16178,0.2391038991907795,17226.49952,17194.9548,10.406880000000001,0.13926224194213174,17186.9513,0.0,0.046567304813384176
2481,0.2,50,5,40214.9052,40201.2323,11.22044,0.03472588178845134,40202.78848,40169.642,13.169400000000001,0.06622234103892818,40169.642,0.07864222439424151,0.0
2491,0.2,50,5,38622.3486,38605.931,10.19636,0.037724573903440355,38632.761719999995,38591.0193,14.705119999999999,0.07362634337851309,38591.0193,0.03864033723513731,0.0
2501,0.2,50,5,12712.99426,12670.4738,10.08202,0.29033158492902716,12712.464320000001,12660.5334,16.68332,0.3885676314126244,12660.5334,0.07851485941342329,0.0
2511,0.2,50,5,9287.46586,9217.2051,9.15064,0.8096688402444879,9179.941139999999,9009.9922,12.27394,1.0992890202749521,9009.9922,2.299812201835187,0.0
2521,0.2,50,5,27842.141779999998,27791.6529,9.849680000000001,0.14703855722772236,27849.949440000004,27756.774,21.369400000000002,0.22268750004757812,27756.774,0.12565905533546406,0.0
2531,0.2,50,5,32098.2235,32058.0119,11.4098,0.10888431380456966,32099.43564,32022.1702,20.09328,0.1924462811734654,32022.1702,0.11192776684448719,0.0
2541,0.2,50,5,51173.3616,51146.965,18.89888,0.05110430942710061,51157.0233,51129.7562,25.98018,0.03965260701735633,51129.7562,0.033657113350352846,0.0
2551,0.2,50,5,44512.20912,44415.1608,10.89228,0.21095612940343592,44543.74534,44442.7907,12.68184,0.17678473168774145,44415.1608,0.0,0.06220826290467896
2561,0.2,50,5,8118.58716,8077.3835,8.78968,0.5278537954637215,8154.3054,8095.3015,9.60802,0.7175155412490686,8077.3835,0.0,0.22182925943778287
2571,0.2,50,5,13787.99374,13735.8921,10.740359999999999,0.24347542911704304,13740.960860000001,13721.7502,11.330680000000001,0.13987936017511793,13721.7502,0.10306192573013545,0.0
2581,0.2,50,5,9714.08562,9654.1324,9.30628,0.46407195131197887,9701.58706,9625.9752,25.53438,0.6403405134271647,9625.9752,0.29251270042748134,0.0
2591,0.2,50,5,44695.412599999996,44691.1384,13.5341,0.007328738177702664,44641.040980000005,44625.217,22.93654,0.02237964936480061,44625.217,0.1477223068741751,0.0
2601,0.2,50,5,34260.05324,34200.8186,9.42354,0.10735809040881038,34267.7381,34223.2436,13.60746,0.08555710248431264,34200.8186,0.0,0.06556860600992431
2611,0.2,50,5,42940.64376,42930.6595,10.54562,0.03158698855411398,42818.86428,42799.3951,19.04176,0.056267463726260625,42799.3951,0.30669685796563984,0.0
2621,0.2,50,5,12493.343980000001,12434.8507,11.520779999999998,0.3046421047527554,12728.16012,12627.5359,16.17466,0.5993799742437966,12434.8507,0.0,1.5495578085227826
2631,0.2,50,5,12758.4535,12701.9668,12.97466,0.4093741153298068,12859.408,12771.4112,17.456979999999998,0.6399069026617673,12701.9668,0.0,0.5467216305430771
2641,0.2,50,5,24284.0593,24119.9327,11.143139999999999,0.38508623130805747,24230.194939999998,24115.8441,21.68538,0.5035862467462676,24115.8441,0.016953999134547277,0.0
2651,0.2,50,5,29882.064140000002,29840.7918,8.40844,0.10991111836021154,29913.50848,29825.7879,20.574419999999996,0.17404468184890923,29825.7879,0.05030512538446538,0.0
2661,0.2,50,5,30396.072139999997,30381.5036,10.094,0.04361605590341198,30439.301480000002,30369.6052,11.652359999999998,0.15241927067854436,30369.6052,0.03917864562822245,0.0
2671,0.2,50,5,34124.56698,34098.9875,10.86952,0.07158083814833059,34158.86262,34078.6851,13.4147,0.14085066184990336,34078.6851,0.05957506852281835,0.0
2681,0.2,50,5,8479.80536,8423.2419,11.22246,0.38898013882249777,8446.12172,8380.2062,16.025799999999997,0.7249002680145467,8380.2062,0.5135398696991532,0.0
2691,0.2,50,5,17255.4013,17150.1012,15.23808,0.5566654084470642,17284.60642,17215.3027,16.429859999999998,0.3431433350696691,17150.1012,0.0,0.3801814300664256
2701,0.2,50,5,13168.311319999999,12991.6718,10.64892,0.836360730715108,13235.958859999999,13152.246,13.3245,0.6326846327854468,12991.6718,0.0,1.2359779593570022
2711,0.2,50,5,17913.83874,17872.3665,13.301499999999999,0.2461454925586219,17893.42234,17814.2287,13.97248,0.2891538396884548,17814.2287,0.32635597633256175,0.0
2721,0.2,50,5,29753.318359999997,29703.1444,10.214319999999999,0.168403693855128,29766.617739999998,29699.8428,22.981659999999998,0.184800320424331,29699.8428,0.01111655715565777,0.0
2731,0.2,50,5,29926.51532,29881.3601,11.91628,0.09072135621563795,29925.42008,29862.3822,20.76352,0.1974730796079587,29862.3822,0.06355119251002582,0.0
2741,0.2,50,5,4866.89422,4796.8566,7.980120000000001,1.2805315063529077,4602.1790200000005,4576.0562,16.97634,0.4604514232604162,4576.0562,4.825124306821234,0.0
2751,0.2,50,5,16933.67978,16911.1903,11.28898,0.19129340009420365,16742.032939999997,16628.5675,18.2876,0.4808890128801041,16628.5675,1.6996220510275304,0.0
2761,0.2,50,5,24842.70454,24702.6145,8.296299999999999,0.46369180795636866,24942.76292,24738.2285,20.41264,0.5133939987725493,24702.6145,0.0,0.1441709742910063
2771,0.2,50,5,18329.185260000002,18263.5525,9.51562,0.33395945137863814,18186.11288,18129.3019,21.897879999999997,0.24000914728875392,18129.3019,0.7405172065671378,0.0
2781,0.2,50,5,28059.77624,27999.901,7.33798,0.18985077820547136,28083.62796,28045.7025,12.842740000000001,0.09796486160816201,27999.901,0.0,0.1635773640771007
2791,0.2,50,5,41767.0849,41639.8166,9.847620000000001,0.22430868222483685,41753.34546,41707.7059,20.559140000000003,0.07320573733500306,41639.8166,0.0,0.1630393828391707
2801,0.2,50,5,9799.94198,9724.1411,11.18272,0.6803894229453317,9854.98542,9813.4532,10.1774,0.547992853807119,9724.1411,0.0,0.9184574666445264
2811,0.2,50,5,3534.66576,3497.4304,6.30374,0.7319951041223629,3517.5532,3469.4718,9.811020000000001,1.0245580313814153,3469.4718,0.805846008029245,0.0
2821,0.2,50,5,16677.7719,16596.2537,8.89528,0.33732225772229296,16661.67276,16630.8417,10.39906,0.18217021845340714,16596.2537,0.0,0.20840847955945466
2831,0.2,50,5,23287.8857,23229.2615,11.822460000000001,0.18442609606103044,23172.90558,23133.8037,17.82334,0.09619622194163177,23133.8037,0.41263339672930716,0.0
2841,0.2,50,5,31260.40012,31207.0474,11.5356,0.16802189974852838,31255.511820000003,31217.4665,23.02262,0.13275261420051154,31207.0474,0.0,0.03338700988418136
2851,0.2,50,5,27520.803200000002,27449.7799,9.94228,0.19603737601534033,27513.560340000004,27486.8814,11.84576,0.06836329492081605,27449.7799,0.0,0.1351613751919265
2861,0.2,50,5,12786.35126,12749.3602,8.174420000000001,0.21681010038733672,12857.17414,12682.1915,24.083940000000002,1.1644946909472922,12682.1915,0.5296300722158181,0.0
2871,0.2,50,5,19022.42792,18976.2191,9.67956,0.26167632764682447,18955.904499999997,18922.7103,20.96162,0.14746030266347787,18922.7103,0.28277555990486,0.0
2881,0.2,50,5,23627.96776,23545.317,13.503219999999999,0.26980549783343866,23530.72094,23481.3114,19.38534,0.12523833986608524,23481.3114,0.27258102799147926,0.0
2891,0.2,50,5,27620.77562,27595.4543,11.15838,0.1292492430907639,27503.640639999998,27360.2192,22.0703,0.5160511583798086,27360.2192,0.8597705240607199,0.0
2901,0.2,50,5,26309.5284,26233.8665,8.9005,0.20951374886930405,26299.702100000002,26250.3773,9.763,0.12716342589363655,26233.8665,0.0,0.06293696737383343
2911,0.2,50,5,40697.062419999995,40664.5806,8.42802,0.0656315473908386,40687.00392,40640.0194,19.15072,0.09218315983150478,40640.0194,0.06043599477219674,0.0
2921,0.2,50,10,11640.49834,11513.5408,18.220999999999997,0.6293104146000167,11461.32302,11382.6784,46.51674,0.6184474900562813,11382.6784,1.1496626312485467,0.0
2931,0.2,50,10,43217.86656,43180.1281,19.774459999999998,0.09993685547374641,43193.87128,43163.8804,39.339,0.06524759250338734,43163.8804,0.037641889119866746,0.0
2941,0.2,50,10,41487.68474,41450.1448,15.53098,0.1177223941724467,41508.9305,41428.5874,23.46496,0.1879424757137691,41428.5874,0.052035083387866485,0.0
2951,0.2,50,10,47833.2492,47801.1659,20.91006,0.07244519979923267,47847.409739999996,47832.5185,46.23896,0.058590659223159695,47801.1659,0.0,0.06558961357885697
2961,0.2,50,10,73725.872,73696.6005,20.14472,0.026975881531266226,73713.11394,73690.2123,43.06542,0.026511358862051186,73690.2123,0.008668993887538622,0.0
2971,0.2,50,10,61756.42994,61731.5664,17.132920000000002,0.03911132631285903,61756.18064,61709.5203,38.902319999999996,0.07251977100489577,61709.5203,0.035725605859241866,0.0
2981,0.2,50,10,20665.759720000002,20592.7297,17.43538,0.27891539411421057,20539.06304,20491.3796,49.64618,0.2838152022032673,20491.3796,0.49459871408560335,0.0
2991,0.2,50,10,18897.8377,18768.3675,21.85482,0.4933582839267709,18327.72172,18287.9557,49.73768,0.16601344544851063,18287.9557,2.6269300291448197,0.0
3001,0.2,50,10,24030.78256,23936.3479,17.19006,0.5076065572094655,23693.05066,23653.3651,38.1588,0.19792856558280192,23653.3651,1.196374379728327,0.0
3011,0.2,50,10,35153.29578,35137.8581,18.528640000000003,0.05258755139519674,35130.91328,35079.6386,39.204480000000004,0.12666926017011396,35079.6386,0.16596379644572293,0.0
3021,0.2,50,10,42532.97145999999,42466.8676,16.51422,0.14890957874766847,42131.31432,42073.986,52.61974,0.1365554118130975,42073.986,0.9337874476642185,0.0
3031,0.2,50,10,79756.77796,79699.4465,18.525060000000003,0.047367194229202984,79512.83372,79463.0384,46.161919999999995,0.06743657858262064,79463.0384,0.29750699792018087,0.0
3041,0.2,50,10,20246.77604,20208.4114,23.36658,0.19942972807315557,20263.503999999997,20160.1918,25.15598,0.494055948101685,20160.1918,0.23918224825619147,0.0
3051,0.2,50,10,21358.58266,21254.1627,16.825439999999997,0.39557771639976524,21147.66612,21081.8773,30.984280000000002,0.19176330281689177,21081.8773,0.8172203905199689,0.0
3061,0.2,50,10,18811.312700000002,18652.6619,14.990039999999999,0.5552578992891805,18740.50586,18645.6749,34.04198,0.444619503221255,18645.6749,0.03747249717411597,0.0
3071,0.2,50,10,45315.66877999999,45313.562,22.58578,0.004981978240642066,45264.62826,45255.5219,35.11662,0.030130876652948224,45255.5219,0.1282497639254898,0.0
3081,0.2,50,10,42400.250400000004,42368.6465,21.0015,0.0720081622890812,42394.381539999995,42349.8068,29.58488,0.11131110083797244,42349.8068,0.04448591722974304,0.0
3091,0.2,50,10,62045.43022,61941.7863,21.265279999999997,0.18521382286173801,62069.41244,61950.7402,52.0653,0.15979190698807733,61941.7863,0.0,0.014455346761609991
3101,0.2,50,10,11625.89086,11425.8281,16.2202,1.0112309162322493,11070.56862,10983.1957,39.26986,0.6727168399244664,10983.1957,4.030087527257667,0.0
3111,0.2,50,10,34785.84892,34681.6942,21.211779999999997,0.3237220212652882,34150.30256,34049.061,52.319039999999994,0.2369432858668991,34049.061,1.8580048360217527,0.0
3121,0.2,50,10,29216.77994,29172.833,18.04724,0.1585897288108518,28875.182420000005,28745.198,43.10058,0.40184564893439423,28745.198,1.4876745674181768,0.0
3131,0.2,50,10,54642.503899999996,54607.92,17.019,0.08329222090878184,54634.450560000005,54607.2769,35.27308,0.03900381996123315,54607.2769,0.001177681870456245,0.0
3141,0.2,50,10,43009.550800000005,42939.5806,16.79534,0.14305013932303742,42774.06334,42733.1331,33.637119999999996,0.07570195072264597,42733.1331,0.48310873793618947,0.0
3151,0.2,50,10,70600.0517,70510.3993,18.40184,0.07880929707758484,70238.71564,70211.7713,36.7579,0.05160722281744087,70211.7713,0.4253246919580443,0.0
3161,0.2,50,10,15589.340059999999,15537.4998,21.4329,0.2395406231136402,15535.973199999999,15441.5192,31.253140000000002,0.46281606268563824,15441.5192,0.6215748512620375,0.0
3171,0.2,50,10,20679.3519,20629.1802,20.583859999999998,0.31117940124642446,20152.820740000003,19965.5479,56.404520000000005,0.6826646342246022,19965.5479,3.323887244787294,0.0
3181,0.2,50,10,18192.050779999998,17958.2877,24.954140000000002,0.7878726074314504,17572.34658,17560.2255,54.43414,0.08413371993836291,17560.2255,2.2668399104555936,0.0
3191,0.2,50,10,33117.358179999996,33042.2105,18.705779999999997,0.16938460422688428,33125.06996,33034.424,25.832959999999996,0.1742217950416886,33034.424,0.023570866560294737,0.0
3201,0.2,50,10,36052.27902,36015.9535,16.15748,0.1196599398368017,36042.184140000005,35975.2119,47.40276,0.13710681984435688,35975.2119,0.11324908971558051,0.0
3211,0.2,50,10,54404.13228,54265.1659,23.672980000000003,0.24433533640265187,54449.00544,54382.9559,33.02812,0.08420989008609273,54265.1659,0.0,0.21706374254354002
3221,0.2,50,10,25989.19066,25882.3139,17.21756,0.5739550009566501,25342.49608,25094.3815,54.65051999999999,0.6663158748435332,25094.3815,3.139875752665996,0.0
3231,0.2,50,10,34002.38224,33929.962,27.74018,0.1541900043135948,33913.16726,33843.2494,39.180240000000005,0.12492439775283179,33843.2494,0.25621830508981486,0.0
3241,0.2,50,10,38473.62332,38285.3446,20.73088,0.34449994112389687,37936.481779999995,37795.6671,45.49472,0.31126341796972806,37795.6671,1.2955916314544902,0.0
3251,0.2,50,10,34857.002759999996,34794.223,12.87002,0.13159927350155312,34841.0182,34811.2518,33.13754,0.0629092023919571,34794.223,0.0,0.04894145789661705
3261,0.2,50,10,36073.46534,35976.9837,19.03342,0.1901815576896259,36105.69902,36032.8381,26.16556,0.26851694609607146,35976.9837,0.0,0.15525036914087884
3271,0.2,50,10,61409.56634,61363.2116,26.663760000000003,0.04749470470021629,61173.225959999996,61097.2221,48.583780000000004,0.12502824776381802,61097.2221,0.4353544905276525,0.0
3281,0.2,50,10,15577.691620000001,15519.3726,25.853340000000003,0.2895480908397529,15586.655439999999,15523.3321,34.11342,0.44150033284977647,15519.3726,0.0,0.02551327364869779
3291,0.2,50,10,31624.271419999997,31571.4038,17.32014,0.120476361636449,31598.522859999997,31526.3022,38.01372,0.22148695288848358,31526.3022,0.14306022861127615,0.0
3301,0.2,50,10,27579.774719999998,27536.1123,17.3638,0.1945136957634957,27063.633299999998,26914.083,34.19262,0.3596960110856671,26914.083,2.3111666111752793,0.0
3311,0.2,50,10,35312.697720000004,35258.7101,17.92002,0.14188036996265338,35293.08544,35269.5147,35.54988,0.06910779630375283,35258.7101,0.0,0.03064377559292256
3321,0.2,50,10,44553.67754,44519.8176,18.829140000000002,0.05306297581685028,44563.78638,44538.562,35.75094,0.04651120729175985,44519.8176,0.0,0.04210349684810018
3331,0.2,50,10,52704.83132,52615.0657,20.31666,0.11931873079779351,52344.70936,52264.0422,36.759820000000005,0.111475604587359,52264.0422,0.6716348089891824,0.0
3341,0.2,50,10,13641.102139999999,13580.6046,16.0188,0.2924958611938445,13141.40562,13116.0249,44.55928,0.18705231655581403,13116.0249,3.542076990110016,0.0
3351,0.2,50,10,18619.347279999998,18544.4271,13.91968,0.2718318873277523,18552.681220000002,18494.9902,44.46316,0.25201301153700545,18494.9902,0.26729887102076216,0.0
3361,0.2,50,10,23506.48872,23386.0005,13.079220000000001,0.48593765167704617,23540.37942,23459.5739,26.369139999999998,0.2950583976748816,23386.0005,0.0,0.31460445748301913
3371,0.2,50,10,38749.0907,38725.3737,21.214940000000002,0.06377689378073732,38495.036459999996,38452.0069,40.97052,0.12245991765748432,38452.0069,0.7109298630652127,0.0
3381,0.2,50,10,45671.23198,45529.0638,27.57206,0.21894120658499885,45202.36058,45145.9752,43.66472,0.0912890163147438,45145.9752,0.8485553768700134,0.0
3391,0.2,50,10,56462.914020000004,56372.6783,10.5194,0.10351779512446052,56508.31162000001,56475.8972,13.590819999999999,0.045366906264354155,56372.6783,0.0,0.1831009331341276
3401,0.2,50,30,23268.923300000002,23180.6829,44.05086,0.23876507179749404,19253.93544,19227.3845,105.75037999999999,0.0933716360564084,19227.3845,20.560770498972442,0.0
3411,0.2,50,30,32078.297440000002,31818.7236,45.374759999999995,0.506297606577606,29292.273100000002,29153.3748,97.65686,0.43566690758537974,29153.3748,9.14250517576442,0.0
3421,0.2,50,30,56382.36084,55999.7954,40.69074,0.5440518408682492,49077.44952,49014.4756,94.89354,0.09976866997489364,49014.4756,14.251544496785364,0.0
3431,0.2,50,30,95049.25834,94996.4836,62.7466,0.035048892044805526,95024.03086,95002.8835,92.83632,0.02302444672928157,94996.4836,0.0,0.006736986209865803
3441,0.2,50,30,95559.8372,95452.9794,53.38152,0.09665177037040179,94758.59418,94616.77,87.16123999999999,0.11798247212688105,94616.77,0.883785612212288,0.0
3451,0.2,50,30,165232.17534000002,165082.1683,45.78202,0.07217892666176715,163122.53328,162910.9869,103.72888,0.11451514774854726,162910.9869,1.3327409288440089,0.0
3461,0.2,50,30,38951.44764,38608.8022,46.14772,0.5761749920824097,35537.40624,35523.3439,104.70304000000002,0.05947287066398374,35523.3439,8.685720321503851,0.0
3471,0.2,50,30,63374.22084,63157.4579,57.42292,0.28456814221349025,59523.549580000006,59418.0825,107.15512000000001,0.15028710699966355,59418.0825,6.293328971024948,0.0
3481,0.2,50,30,99580.79484,99252.948,40.5993,0.19442893193538088,94702.10836,94501.6168,113.15476000000001,0.1425891614312231,94501.6168,5.0277776834819194,0.0
3491,0.2,50,30,106851.64974,106836.542,47.050799999999995,0.010481532895469683,105439.03798,105394.6884,109.26576,0.03355669238403277,105394.6884,1.3680514852207697,0.0
3501,0.2,50,30,128557.803,128398.9372,41.05876,0.11570559534709926,126321.94114000001,126241.9752,86.59598,0.060483645791708625,126241.9752,1.7085933554056112,0.0
3511,0.2,50,30,183562.76368,183475.0385,58.26088,0.04789706697651939,178999.2504,178874.1039,114.61282000000001,0.07190745705845403,178874.1039,2.5721636053993437,0.0
3521,0.2,50,30,42524.26796,42081.78,50.72494,0.8960016090515489,35179.41634,35137.7329,115.12282,0.1116342089185476,35137.7329,19.762365203703837,0.0
3531,0.2,50,30,25087.35528,24907.8779,42.844,0.8467488413089146,19476.92108,19428.4678,108.55454,0.25693382388235597,19428.4678,28.20299653274769,0.0
3541,0.2,50,30,38327.618839999996,37995.9224,44.15148000000001,0.5783509749450784,34620.24328,34467.8677,96.27522,0.2885571097275308,34467.8677,10.235778814945379,0.0
3551,0.2,50,30,81367.11682,81329.5303,45.4566,0.05759540378430162,80873.74398,80769.2753,75.25804000000001,0.09392791437953543,80769.2753,0.6936486651874227,0.0
3561,0.2,50,30,126942.45074,126870.0133,47.60858,0.04079690999498337,125874.84012,125825.0741,92.32622,0.024424165470246555,125825.0741,0.8304697672337854,0.0
3571,0.2,50,30,133757.8767,133678.2174,48.55128,0.04677003767337777,131470.97590000002,131398.2991,83.33486,0.03705860456780166,131398.2991,1.7351201009572201,0.0
3581,0.2,50,30,35735.558659999995,35657.395,50.18472,0.2002236277228572,34544.533240000004,34486.1135,77.46162000000001,0.12134709525491669,34486.1135,3.396385910520179,0.0
3591,0.2,50,30,60803.40430000001,60730.582,49.571780000000004,0.13731654921438405,57178.49406,57131.7063,109.64967999999999,0.1445818254529092,57131.7063,6.299261711355546,0.0
3601,0.2,50,30,82508.14804,82378.0059,59.596000000000004,0.15538882664514364,77449.18549999999,77277.6113,107.11086,0.1412253602951072,77277.6113,6.60009349952565,0.0
3611,0.2,50,30,87164.52702,87099.5248,52.077059999999996,0.04975800486175227,85945.91972,85917.0642,102.31042,0.019109272800173115,85917.0642,1.3762814302493427,0.0
3621,0.2,50,30,135834.96314,135785.7623,56.02422,0.03385124310491157,132889.66556,132776.6703,108.99426000000001,0.0795350675896763,132776.6703,2.2662806599993526,0.0
3631,0.2,50,30,152332.70618,152048.6254,59.95822,0.12583289600345218,150437.6628,150390.3696,107.21958,0.022576726568734534,150390.3696,1.1026343005941948,0.0
3641,0.2,50,30,19077.565039999998,18940.96,38.08494,0.5055906327136007,15956.57618,15899.5586,87.22054,0.3380486468082755,15899.5586,19.128841727719404,0.0
3651,0.2,50,30,23209.33144,22955.0254,48.492740000000005,0.8596369778534395,18637.22392,18571.6187,111.88678,0.3795236638079481,18571.6187,23.602717516486592,0.0
3661,0.2,50,30,49313.25199999999,49136.1562,40.201480000000004,0.3542857485754873,42861.355800000005,42737.5229,110.3039,0.2766119770679949,42737.5229,14.971933012991713,0.0
3671,0.2,50,30,71398.8811,71214.4449,66.24102,0.15829544771653628,69624.67232,69534.3424,114.66525999999999,0.1032074846744338,69534.3424,2.4162197297202144,0.0
3681,0.2,50,30,112442.3271,112238.7596,69.22412,0.12352804513698737,110955.61494,110669.3187,107.81474,0.16315524553702362,110669.3187,1.4181355035304843,0.0
3691,0.2,50,30,136598.4804,136390.5265,46.92746,0.1383100390517131,133209.57994000003,133119.0277,95.94649999999999,0.06869151759307433,133119.0277,2.4575741398688122,0.0
3701,0.2,50,30,55666.592099999994,55366.8988,43.37924,0.4413881684398433,52552.50822,52492.0789,101.84114,0.10827150216307416,52492.0789,5.476673738673364,0.0
3711,0.2,50,30,56042.16716,55794.5198,40.44494,0.3852792519033649,51456.381160000004,51395.1343,101.0192,0.07240295153841055,51395.1343,8.559926070666974,0.0
3721,0.2,50,30,98783.55264,98065.7324,42.59624,0.48288182013205033,92656.67322,92491.7561,93.29321999999999,0.14594242003662028,92491.7561,6.026457421755012,0.0
3731,0.2,50,30,64827.06672,64773.9251,43.09848,0.08176867610029766,63038.14236,62943.789,95.66778000000001,0.08621205553646519,62943.789,2.907572183174425,0.0
3741,0.2,50,30,133882.98564,133670.5522,54.441880000000005,0.09869191798356061,129843.44524,129726.5808,105.68137999999999,0.07029860346629818,129726.5808,3.0402184160549535,0.0
3751,0.2,50,30,210193.91842,210098.4581,76.90657999999999,0.03270242361503095,204933.75034,204913.9719,110.33648000000001,0.006575333846248528,204913.9719,2.530079404507402,0.0
3761,0.2,50,30,30149.23464,29929.4912,41.74696,0.5807459637171601,27579.61234,27468.9993,98.7991,0.35197368589847033,27468.9993,8.957340866800346,0.0
3771,0.2,50,30,36975.5258,36602.0854,34.98772,1.011435284700086,33732.81166,33678.4138,100.1661,0.17682934603901918,33678.4138,8.681144003284386,0.0
3781,0.2,50,30,43995.13232,43381.312,45.5415,0.8996257084455489,40318.0161,39929.5293,109.60003999999999,0.6513689965701411,39929.5293,8.644686678037038,0.0
3791,0.2,50,30,56747.55646000001,56714.5109,42.25376,0.06450957945144647,55385.98308,55359.442,98.82957999999999,0.060397514206674656,55359.442,2.4477647372240465,0.0
3801,0.2,50,30,155964.96348,155671.9937,63.47328,0.11305650653123595,152249.29366000002,152154.0878,92.11864,0.0637850390207909,152154.0878,2.3120679508947,0.0
3811,0.2,50,30,143685.13034,143508.4579,39.018240000000006,0.12312423538663524,142321.68166,142192.6757,109.45797999999999,0.056043802901329244,142192.6757,0.925351600230149,0.0
3821,0.2,50,30,48509.369040000005,48355.1107,39.38737999999999,0.24239031185253007,46303.2684,46240.4979,102.62718,0.11696712140540225,46240.4979,4.573075325817362,0.0
3831,0.2,50,30,80427.10894,80254.7169,39.87876,0.16969251015835143,74450.59074,74321.0,101.23156,0.11363828273741586,74321.0,7.983903472773509,0.0
3841,0.2,50,30,51339.34444,50767.1392,53.28606,0.8932207143340354,43946.91156,43885.9198,102.38293999999999,0.11936044334556281,43885.9198,15.679788486511326,0.0
3851,0.2,50,30,98450.6124,98338.4794,48.10528,0.09265306678172366,96664.8827,96598.7271,103.06024,0.06708457281347319,96598.7271,1.8010095497417717,0.0
3861,0.2,50,30,119478.14188000001,119349.673,47.461259999999996,0.10203492096117019,116610.26852,116458.3092,111.19664,0.11800483998048308,116458.3092,2.4827458168180168,0.0
3871,0.2,50,30,176732.81808,176657.6394,55.12942,0.03333698664820249,171733.57922,171696.8132,98.29062,0.019709693057899286,171696.8132,2.889294278410044,0.0
3881,0.2,100,5,30968.875820000005,30815.9406,32.14928,0.32510172099623535,30952.20842,30881.9971,47.23878,0.19893432355305354,30815.9406,0.0,0.21435821433274302
3891,0.2,100,5,24717.204940000003,24656.9608,29.23224,0.28671323469014437,24796.11554,24519.5065,34.07624,1.1038753563074832,24519.5065,0.5605916252841436,0.0
3901,0.2,100,5,60678.82296,60505.6041,39.6124,0.327652532178418,60850.70826,60501.0056,61.630160000000004,0.37334134642983674,60501.0056,0.007600700111338411,0.0
3911,0.2,100,5,125600.08522000001,125511.1556,62.35172,0.07830354145770492,125591.23969999999,125506.7197,70.62376,0.06945117393821564,125506.7197,0.003534392429823631,0.0
3921,0.2,100,5,115181.87862,114924.7365,46.83304,0.15451771713779278,115182.81096,114905.7193,61.791579999999996,0.20037345165046017,114905.7193,0.01655026409116439,0.0
3931,0.2,100,5,96613.56682,96210.255,31.935019999999998,0.40480434957786976,96904.0744,96679.3483,36.66462,0.2296742097938565,96210.255,0.0,0.487570997499168
3941,0.2,100,5,5601.3645799999995,5567.7554,23.7634,0.5362654705382072,5579.00184,5540.3068,36.06305999999999,0.7222796887355601,5540.3068,0.4954346571565263,0.0
3951,0.2,100,5,47644.84819999999,47445.0959,47.94998,0.3794138387198448,47598.119099999996,47425.4182,87.399,0.30033608105950793,47425.4182,0.04149188504151174,0.0
3961,0.2,100,5,65331.630260000005,65078.5505,35.88706,0.33916387214262994,65301.6086,64963.9254,79.94124000000001,0.5682868189042936,64963.9254,0.17644423315589466,0.0
3971,0.2,100,5,96479.6313,96345.1877,45.82032,0.11938517429634152,96412.2997,96256.7912,65.63658000000001,0.13325441781338446,96256.7912,0.09183403986147837,0.0
3981,0.2,100,5,100283.72264,100123.4119,50.89506,0.10253497632619439,100385.18806,100248.5298,57.87432,0.1213841238814408,100123.4119,0.0,0.12496367994826338
3991,0.2,100,5,149628.23778000002,149284.7722,70.98535999999999,0.15239137960048124,149790.2366,149532.2946,88.68744,0.13927504697009607,149284.7722,0.0,0.16580552480488503
4001,0.2,100,5,7489.7714000000005,7319.2708,34.98014,1.610664165694139,7654.00772,7569.3539,28.93678,1.385635305288746,7319.2708,0.0,3.416776163002465
4011,0.2,100,5,29148.524540000002,28817.2395,38.37908,0.8477068924334299,29233.95564,28881.7222,35.23392,0.6999864209532951,28817.2395,0.0,0.2237643199654862
4021,0.2,100,5,43517.85314,43075.795,50.33474,0.5700780016452753,43814.606400000004,43513.3673,51.0336,0.6903282991492153,43075.795,0.0,1.0158194410573267
4031,0.2,100,5,63373.29634,63050.4851,45.218560000000004,0.32281569257717124,63244.730240000004,63134.5186,74.49406,0.20443785255256622,63050.4851,0.0,0.1332797041398259
4041,0.2,100,5,79267.32178,78985.011,36.29858,0.2360771405383122,78925.75932,78336.6176,70.18356,0.5060134498305329,78336.6176,0.8277015524346572,0.0
4051,0.2,100,5,124239.60724,123981.7527,37.72068,0.14329682297879368,124125.6304,123935.2126,86.78204000000001,0.10142604309067264,123935.2126,0.03755195882078016,0.0
4061,0.2,100,5,58616.73302,58536.8408,44.11238,0.0911347383285705,58878.417779999996,58468.8515,72.09554,0.42645798600651935,58468.8515,0.11628294084073312,0.0
4071,0.2,100,5,56764.33008,56238.1187,32.756780000000006,0.7137953148989835,56877.45366,55623.0382,64.42854,1.3427806478302606,55623.0382,1.105801696391328,0.0
4081,0.2,100,5,31567.538959999998,31182.2434,25.07262,0.9036298990065093,31628.854119999996,31271.3859,61.01152,1.6237348678752614,31182.2434,0.0,0.28587583919636056
4091,0.2,100,5,99543.2352,99462.934,35.37876,0.11894534889940821,99906.60934,99763.9619,83.7381,0.10571309879183106,99462.934,0.0,0.3026533482312124
4101,0.2,100,5,119137.90306,118741.1144,61.1965,0.19843695543604029,119218.09846000001,119123.7059,80.06062,0.06823594894693567,118741.1144,0.0,0.322206425241361
4111,0.2,100,5,150347.87346,150294.9239,47.5338,0.03497091669420991,150289.28754,150079.6843,80.62638,0.11300187910111661,150079.6843,0.14341687950898815,0.0
4121,0.2,100,5,9228.29546,9023.0049,29.43306,1.8628637665182302,9293.999960000001,9189.3196,38.46184,0.7232398267243033,9023.0049,0.0,1.8432296318491506
4131,0.2,100,5,30432.915759999996,29965.6802,32.70426,1.057015834359634,30740.87426,30251.9729,35.02312,1.1180274372935413,29965.6802,0.0,0.9554019734883301
4141,0.2,100,5,44906.0255,44772.2664,29.55218,0.32405819514184386,44799.76256,44554.0129,42.67608,0.3934595626477822,44554.0129,0.4898627212095611,0.0
4151,0.2,100,5,57971.19072,57741.2674,41.37602,0.32178227974000184,57869.7933,57690.0449,60.28714,0.32687271078397284,57690.0449,0.08878914913099022,0.0
4161,0.2,100,5,89855.55782,89404.0459,58.234339999999996,0.40231987789388085,89851.90458,89631.3593,44.90952,0.19637304108004056,89404.0459,0.0,0.2542540415388507
4171,0.2,100,5,105710.37012,105588.8158,51.2913,0.1372815461304695,105880.95306,105505.9222,52.5087,0.36080005298629503,105505.9222,0.07856772233397509,0.0
4181,0.2,100,5,21340.852919999998,20855.7632,31.19504,1.5927634667520547,21960.52604,21482.7281,57.999900000000004,1.604194584010207,20855.7632,0.0,3.006194949509203
4191,0.2,100,5,30290.501500000002,29929.4305,30.645580000000002,1.0598473327537585,29299.319059999998,29034.9758,73.75626,0.785834181712014,29034.9758,3.080611143474755,0.0
4201,0.2,100,5,55284.311499999996,54983.442,33.19366,0.4227407773076474,55310.98808,55112.272,53.53556,0.32160399073382234,54983.442,0.0,0.23430690279447122
4211,0.2,100,5,75352.67801999999,74932.1635,35.35518,0.4887626467833634,76775.6504,76216.3973,72.79622,0.6922680370262869,74932.1635,0.0,1.7138618985690997
4221,0.2,100,5,102723.3044,102212.0879,37.67644,0.3413041076191712,102600.05600000001,102433.7148,91.62268,0.11730777207941237,102212.0879,0.0,0.21683042050450368
4231,0.2,100,5,99429.23706,99204.0426,32.23772,0.14683699698544161,99402.58866,99100.7357,37.855540000000005,0.29167385892772973,99100.7357,0.10424433206301206,0.0
4241,0.2,100,5,10326.41758,10086.4625,36.28116,2.343430654860019,10343.30018,10120.8827,45.95488,1.713755460094576,10086.4625,0.0,0.3412514546105781
4251,0.2,100,5,24424.34994,24276.8871,38.9517,0.9126440519063349,24478.13184,24262.0396,54.54413999999999,0.5992272828532876,24262.0396,0.06119642142534404,0.0
4261,0.2,100,5,45267.42276,45103.9686,39.32862,0.3797879595543176,45278.021519999995,44857.9429,49.514179999999996,0.7387307469960255,44857.9429,0.5484551544159157,0.0
4271,0.2,100,5,87978.96352,87676.551,25.4236,0.232207090852805,87979.8962,87837.0135,27.306960000000004,0.12238906643585437,87676.551,0.0,0.1830164373140022
4281,0.2,100,5,69647.65157999999,69195.8149,44.402319999999996,0.4876984244195181,69751.41054,69591.0518,59.022439999999996,0.16906272910968342,69195.8149,0.0,0.571186133975284
4291,0.2,100,5,125350.07212,124866.3702,39.51728,0.25452648697711305,125253.70108,125044.5967,72.57266,0.15493708980149556,124866.3702,0.0,0.1427337879002346
4301,0.2,100,5,10639.13716,10551.209,30.23182,0.6663819380598005,10425.696619999999,10391.6719,63.32284,0.49585519598858724,10391.6719,1.5352399646105204,0.0
4311,0.2,100,5,18495.94428,18335.6812,26.49394,0.6493756059878029,18176.638020000002,18048.0557,70.09756,1.0845844248064254,18048.0557,1.593664740296642,0.0
4321,0.2,100,5,40931.48692,40798.7054,30.95664,0.2217313430415963,40736.90986,40394.0266,47.1803,0.6680068331492358,40394.0266,1.0018283247850353,0.0
4331,0.2,100,5,74241.19758000001,73959.9376,29.051,0.37958918432425376,74358.48659999999,74176.4024,73.24951999999999,0.1851715315307436,73959.9376,0.0,0.29267845136743537
4341,0.2,100,5,103497.93134,103405.5404,53.9541,0.11344349571411813,103618.18884,103297.6609,65.21748,0.3202162054706873,103297.6609,0.1044355690729832,0.0
4351,0.2,100,5,116079.89635999998,115782.1884,57.96662,0.153159554758115,115911.65086000001,115745.0553,61.825880000000005,0.09479256919593133,115745.0553,0.0320818024612338,0.0
4361,0.2,100,10,29659.238520000003,29446.7672,41.211,0.5710137717945347,29743.744319999998,29545.6383,84.30422,0.6037875356480045,29446.7672,0.0,0.33576215456343983
4371,0.2,100,10,92703.93998,92410.4272,82.99234,0.23989594092163566,92811.00404,92571.5713,166.26522,0.2662803571229209,92410.4272,0.0,0.17437869825147873
4381,0.2,100,10,105424.1094,104998.5916,51.690059999999995,0.34913379485485874,105822.24137999999,105630.4874,107.0675,0.15758658565065445,104998.5916,0.0,0.6018135961358918
4391,0.2,100,10,132548.75428,132444.7606,73.44682,0.07051235152255597,132661.03878,132253.6744,131.10372,0.29027429621195283,132253.6744,0.14448460571468233,0.0
4401,0.2,100,10,195697.97639999999,195485.4794,139.7705,0.06655065476889811,195716.95182000002,195533.9509,182.88294000000002,0.0824119044678643,195485.4794,0.0,0.024795447799375064
4411,0.2,100,10,226558.34608,226438.2607,76.15678,0.03045295993979986,226485.96504,226340.2606,158.73612,0.06800775327807362,226340.2606,0.04329768806495964,0.0
4421,0.2,100,10,96158.55288,96037.2032,53.478660000000005,0.15767819678054093,97191.47298,96860.3426,129.04396,0.20528534401435028,96037.2032,0.0,0.8571047183514815
4431,0.2,100,10,111278.46800000002,111077.134,60.6255,0.12988822217935836,111324.31066,111074.7029,120.79099999999998,0.18960890777579464,111074.7029,0.002188707182219802,0.0
4441,0.2,100,10,116450.85998,116231.9358,69.43654000000001,0.13168203013360477,116237.7034,115862.444,155.59256,0.29140163761628046,115862.444,0.3189055808282479,0.0
4451,0.2,100,10,124061.4775,123871.1443,64.8702,0.11606013022285316,124605.11118,123971.0715,130.48718,0.5190873145386219,123871.1443,0.0,0.08067028085087734
4461,0.2,100,10,178878.24906,178756.8089,90.96894,0.07239264553759733,178850.73328,178463.2895,162.29878,0.20247872315658846,178463.2895,0.16447046382611372,0.0
4471,0.2,100,10,198961.36752,198712.8924,83.81032,0.11410632272756312,198843.52518,198435.1462,118.69686000000002,0.18277364298994397,198435.1462,0.13996824923347337,0.0
4481,0.2,100,10,48927.6486,48774.1047,64.231,0.353242492593695,48999.59668,48913.095,73.85322,0.16968178071522355,48774.1047,0.0,0.28496740402494286
4491,0.2,100,10,92017.27048,91813.0007,73.82532,0.26282192871660365,92010.68204,91664.7665,132.07721999999998,0.2793389791976793,91664.7665,0.16171338853517533,0.0
4501,0.2,100,10,107992.52290000001,107484.1478,63.994460000000004,0.4220983072155142,108099.4095,107643.9122,71.41427999999999,0.33236540413077975,107484.1478,0.0,0.14863996530658638
4511,0.2,100,10,122542.07702,122382.2258,90.35832,0.12408659015798867,123023.33042000001,122680.5234,80.07903999999999,0.31276077005033415,122382.2258,0.0,0.24374258439088248
4521,0.2,100,10,199544.38767999999,199384.8132,82.98516,0.051173455590063754,199577.64838,199452.1986,188.66934,0.048382086984631575,199384.8132,0.0,0.033796656284150337
4531,0.2,100,10,227156.14153999998,227041.6519,119.56143999999999,0.054069561168757,227160.97999999998,227011.824,154.59024,0.057935466357126035,227011.824,0.013139359648510584,0.0
4541,0.2,100,10,49671.23242,49543.9645,52.05004,0.38850615586610154,48959.876260000005,48514.5071,127.80762,0.5809104116115354,48514.5071,2.1219578669078127,0.0
4551,0.2,100,10,71591.8278,70821.4527,58.283359999999995,0.6130542507409145,71877.45916,71068.4011,120.99652,1.1398615612154523,70821.4527,0.0,0.348691520133148
4561,0.2,100,10,120220.6967,119828.7507,84.69127999999999,0.21429567487474668,120171.64070000002,119969.7505,73.6198,0.20235943789626745,119828.7507,0.0,0.11766775433801673
4571,0.2,100,10,155012.60068,154748.8557,55.47704,0.15288081387796146,155234.62657999998,154844.2481,116.74928,0.2580112072498453,154748.8557,0.0,0.0616433637383023
4581,0.2,100,10,170943.26624,170671.5306,70.30928,0.13499260857423137,171253.68848,170486.0453,116.64904000000001,0.4843820483533729,170486.0453,0.10879793690656996,0.0
4591,0.2,100,10,246038.32325999998,245274.0758,76.01644,0.31146345015954136,245549.05321999997,245342.8762,105.28247999999999,0.06972689833110318,245274.0758,0.0,0.02805041656995507
4601,0.2,100,10,42594.8497,42236.8524,83.14646,0.7164570023260052,42100.89458,41786.7349,149.1358,0.6206463225302415,41786.7349,1.0771779634785494,0.0
4611,0.2,100,10,96572.2506,96369.3481,70.28564,0.11953012464944401,96656.73908,96294.9218,108.84444,0.24939866991202145,96294.9218,0.07728995320707187,0.0
4621,0.2,100,10,122677.94114000001,122348.2874,61.7281,0.20387328561573953,122731.05814000001,122373.9919,143.6018,0.25760486405431887,122348.2874,0.0,0.021009284679200626
4631,0.2,100,10,108435.25002,108333.9382,85.82422,0.10396979237302445,108403.81873999999,108127.9655,130.01838,0.20759965967263913,108127.9655,0.1904897581745385,0.0
4641,0.2,100,10,129070.17392,128939.0552,74.279,0.1468127995147224,128923.47522,128729.4474,85.9828,0.1088368510838902,128729.4474,0.16282816731799157,0.0
4651,0.2,100,10,218096.36082,217920.4527,72.03166,0.11054191374695863,217891.74216,217474.8459,116.53027999999999,0.15929802919740793,217474.8459,0.20490038659685225,0.0
4661,0.2,100,10,36549.18222,36262.1765,50.79786,1.0158151879472133,35796.172739999995,35381.6824,113.19256,0.8405768066812338,35381.6824,2.4885591647275755,0.0
4671,0.2,100,10,99955.46218,99877.8706,66.75919999999999,0.07182489385062682,99853.37668,99506.0713,99.17711999999999,0.21543057206300217,99506.0713,0.37364483909636453,0.0
4681,0.2,100,10,109206.57157999999,108758.9124,57.59138,0.33006112565757795,108657.69265999999,108342.5184,88.04690000000001,0.242948753328396,108342.5184,0.38433110670611864,0.0
4691,0.2,100,10,115147.68636,115096.7673,73.07538,0.03896477590276956,115114.25936,114733.5454,115.42606,0.1851366029549052,114733.5454,0.3165786420472666,0.0
4701,0.2,100,10,165956.97242,165895.5031,86.75066000000001,0.039908091642061515,166037.41958,165745.8107,135.939,0.14598422957640014,165745.8107,0.09031443954317689,0.0
4711,0.2,100,10,220944.64328000002,220518.869,66.09278,0.15080325986448212,220854.38566,220478.2817,102.36229999999999,0.12024143201305734,220478.2817,0.01840875195827226,0.0
4721,0.2,100,10,43014.182759999996,42377.0442,71.4425,0.9660798564209998,43113.04026,42678.5167,90.10868,0.6712103745500048,42377.0442,0.0,0.7114052093326592
4731,0.2,100,10,60077.31224,59734.0393,58.114819999999995,0.5413027007486123,60105.64702,60050.8472,116.85173999999999,0.06884452365632354,59734.0393,0.0,0.5303641001220553
4741,0.2,100,10,96245.58392,96028.0337,62.35508,0.34364882373908506,96410.98072,96225.8573,144.68182,0.15919420807630413,96028.0337,0.0,0.20600609257294764
4751,0.2,100,10,83254.37718,83156.9616,71.22446,0.11209190850592848,83174.79478,83002.3884,82.4988,0.18735516091913085,83002.3884,0.18622741222227157,0.0
4761,0.2,100,10,170630.94139999998,170413.4468,73.5451,0.09947719836850266,170560.66499999998,170098.8914,143.85924,0.17934310248380897,170098.8914,0.1849250147435188,0.0
4771,0.2,100,10,206304.84202,206095.1887,72.57149999999999,0.08408240231251445,206326.0858,206136.4597,108.32616,0.05449046493781464,206095.1887,0.0,0.0200252127477287
4781,0.2,100,10,60041.995539999996,59465.4298,62.48335999999999,0.6006707235749515,63160.59564,62944.5851,136.05344,0.27229842040859964,59465.4298,0.0,5.850719168601719
4791,0.2,100,10,89909.63072,89673.299,71.90638,0.2298173177715553,89510.07696,89122.2808,142.46932,0.44293324379278726,89122.2808,0.6182721032875608,0.0
4801,0.2,100,10,117394.00808000001,116879.0208,69.81254,0.3136278822536867,117456.9088,117117.9736,147.84322,0.3681215642095616,116879.0208,0.0,0.2044445601652398
4811,0.2,100,10,103228.98120000001,102825.5747,76.30606,0.2600104575313573,103154.63926,102973.4672,88.77254,0.14858137556886447,102825.5747,0.0,0.1438285177899441
4821,0.2,100,10,173420.97108,173099.6318,72.51786,0.18736090000201253,173555.90524,173313.3366,88.40778,0.09802552736806802,173099.6318,0.0,0.12345768606077809
4831,0.2,100,10,157242.21506000002,157004.8917,83.79946,0.14514932567192196,157314.13804000002,157158.8957,97.3036,0.0940239113971652,157004.8917,0.0,0.09808866356486029
4841,0.2,100,30,117708.1305,117392.5889,136.402,0.2521292750163556,117075.95638000002,116539.0991,348.18202,0.3036519952107324,116539.0991,0.7323634785160233,0.0
4851,0.2,100,30,173583.10038000002,173245.8484,144.45338,0.1207373458836894,168914.69874,168793.7454,282.5893,0.05306723099697408,168793.7454,2.63759950906331,0.0
4861,0.2,100,30,188844.80120000002,188401.1702,138.49002000000002,0.17189665556443817,187017.81346,186487.2932,298.89404,0.19761672399918118,186487.2932,1.026277430037795,0.0
4871,0.2,100,30,223911.70379999996,223781.0157,167.03552,0.05375733335135824,223611.35362,223479.5536,287.66488,0.03717272770647515,223479.5536,0.13489471190709196,0.0
4881,0.2,100,30,313189.75549999997,312903.4541,177.79604,0.11828740206619796,313737.39098,312937.2919,321.74402,0.29801978629086207,312903.4541,0.0,0.010814134378083087
4891,0.2,100,30,377019.5126,376661.7323,162.12618000000003,0.10999011669202505,376526.1765,375841.9402,337.80111999999997,0.13336883508549735,375841.9402,0.2181215059617134,0.0
4901,0.2,100,30,103866.34608,103403.2019,169.95236,0.5071283514282513,101488.676,101154.1079,386.8139,0.22799024252854974,101154.1079,2.223433181995367,0.0
4911,0.2,100,30,266585.02428,265865.2615,193.14872,0.16380428236473785,262104.88816,261888.4274,362.94636,0.08664852213561876,261888.4274,1.5185222728173275,0.0
4921,0.2,100,30,289515.0121,288783.4595,140.90526,0.24331063213206475,283068.96784,282381.2634,375.78676,0.2362652730436199,282381.2634,2.2672170323606538,0.0
4931,0.2,100,30,286937.62746,286251.1755,201.32476000000003,0.1457665992890503,285970.0494,285125.4287,275.35136,0.22701615424237948,285125.4287,0.39482511438308016,0.0
4941,0.2,100,30,342446.70672,342020.8453,246.25320000000002,0.10390971100347862,338747.01102,338471.7758,329.75436,0.04958389459285205,338471.7758,1.0485570005391225,0.0
4951,0.2,100,30,414452.16726,413893.6801,274.13428,0.11829872148232241,409977.8249,409186.9294,385.01288,0.14924553671195193,409186.9294,1.1502690730863738,0.0
4961,0.2,100,30,97399.35746,96996.2407,202.87358,0.3006692638083994,94959.78204,94940.8975,277.12396,0.019390693403851394,94940.8975,2.164865989390914,0.0
4971,0.2,100,30,144182.03446,143465.407,183.30146,0.3154858736740828,140816.06269999998,140164.6912,364.56444,0.3799722205368058,140164.6912,2.354883938131207,0.0
4981,0.2,100,30,173243.35512000002,172343.5872,157.12822,0.4899679757690092,169200.99428,168981.3237,362.0845,0.18830110412568918,168981.3237,1.9897249153812853,0.0
4991,0.2,100,30,240110.44767999998,239909.7702,193.56786,0.04992250291064767,240220.98698,239812.3302,337.65564,0.2069569535831666,239812.3302,0.040631772319104184,0.0
5001,0.2,100,30,356685.63646,356348.7225,181.93988,0.09267355405462684,355762.74938,354896.9498,337.97704,0.2141327912913645,354896.9498,0.409068801751638,0.0
5011,0.2,100,30,446642.4166,446148.6807,181.64234000000002,0.07290006150520756,446662.40533999994,446252.7166,360.96763999999996,0.07990009189190056,446148.6807,0.0,0.023318661356731638
5021,0.2,100,30,182981.62256,182687.3676,158.252,0.15101158980622187,180300.36486,179923.1858,370.9837,0.20066150276190317,179923.1858,1.536312169946021,0.0
5031,0.2,100,30,193547.0274,193298.7598,139.14868,0.17275192217370303,190354.00102,189900.8757,328.07782,0.20159059557358866,189900.8757,1.7892935393135712,0.0
5041,0.2,100,30,205548.55381999997,204782.156,173.84724,0.2509455477802828,199702.59107999998,199277.2375,314.13768,0.20676769726571595,199277.2375,2.7624421981461884,0.0
5051,0.2,100,30,236894.36585999996,236218.6758,163.92386000000002,0.19680847595177786,235896.25806,235616.9437,384.43628,0.12202660442301654,235616.9437,0.2553857505112837,0.0
5061,0.2,100,30,367692.38738000003,367031.2125,195.89352,0.16005180154540477,363827.61504,363296.4458,356.51268,0.15705721361099356,363296.4458,1.0280218106114036,0.0
5071,0.2,100,30,372395.40206000005,372081.9208,166.47242,0.07267856162125173,368428.56971999997,368121.137,347.91516,0.08318090623722692,368121.137,1.0759457694492653,0.0
5081,0.2,100,30,67111.00633999999,66826.6675,197.61528,0.5632885573274473,63638.51762,63224.3169,353.67269999999996,0.5774783231865223,63224.3169,5.697729570882874,0.0
5091,0.2,100,30,154262.07246,153854.2222,157.95594,0.3364950313629993,147202.73502,146522.3413,350.76243999999997,0.27815614458582444,146522.3413,5.003933758462259,0.0
5101,0.2,100,30,163561.88576,162599.1992,162.82712,0.579011390382362,153243.16366,152820.4287,347.86948,0.2837461265943934,152820.4287,6.398863413213298,0.0
5111,0.2,100,30,192959.56636,192799.4753,164.4311,0.08344016365969724,192881.31016,192601.8549,351.20474,0.11145746014106704,192601.8549,0.10260565771943936,0.0
5121,0.2,100,30,293736.39098,293543.6044,216.39564000000001,0.06004673955030952,292199.62133999995,291808.6938,345.0365,0.09986379932120763,291808.6938,0.5945369815434892,0.0
5131,0.2,100,30,320573.24714,320134.6964,164.39586,0.11009529353935378,319737.8832,319322.6959,319.67498,0.10559516846247011,319322.6959,0.2542883767504932,0.0
5141,0.2,100,30,108171.72214,107892.7983,172.15583999999998,0.32407811593559976,102376.79321999999,102222.0992,292.91464,0.14397338116788994,102222.0992,5.547429708819752,0.0
5151,0.2,100,30,153473.91022000002,152516.0775,170.8778,0.364395881534609,148014.33882,147822.4073,339.98069999999996,0.12403257232016345,147822.4073,3.175208877822153,0.0
5161,0.2,100,30,244968.32148,244442.2899,179.88956,0.20603054195307982,238468.28138,238271.6237,341.8151,0.08953844954131575,238271.6237,2.589761258255952,0.0
5171,0.2,100,30,327289.23946,327221.5015,178.86344,0.027750550027036313,326241.64944,326163.0363,371.43446000000006,0.015724040562984962,326163.0363,0.32452028041168784,0.0
5181,0.2,100,30,508887.24568,508655.894,209.07448,0.0606310610535282,507760.26774000004,507590.0595,338.14018,0.030152004616186716,507590.0595,0.20997938790406853,0.0
5191,0.2,100,30,351835.95666,351552.6492,152.77804,0.09174602181273546,350130.70806,349865.7172,343.84276,0.0880634188056049,349865.7172,0.48216556154761525,0.0
5201,0.2,100,30,81407.27172,80786.792,141.69624,0.5273385014276798,79208.17898,78598.0029,331.4735,0.6791697241123101,78598.0029,2.784789713785456,0.0
5211,0.2,100,30,119081.83184,118610.3801,158.70924,0.35037918562084985,115085.48202,114788.4009,314.76588000000004,0.2803647998882978,114788.4009,3.3295865871758146,0.0
5221,0.2,100,30,162928.8418,162717.2207,147.51058,0.12085841842823805,155859.78242,155730.2417,297.80378,0.056649078846045524,155730.2417,4.486590994612186,0.0
5231,0.2,100,30,195804.30718,195662.2481,169.07644,0.05453236215904174,194687.11394,194018.9387,365.76208,0.23636292108767265,194018.9387,0.846984016617548,0.0
5241,0.2,100,30,289157.59774,288825.7533,229.52974000000003,0.07304618453153934,289164.01482,288622.9052,370.34677999999997,0.12796321744451333,288622.9052,0.0702813589446202,0.0
5251,0.2,100,30,310019.76912,309774.075,173.72114,0.07314704773445224,309770.93446,309490.2544,301.34718000000004,0.08686201868875673,309490.2544,0.09170582787825435,0.0
5261,0.2,100,30,140633.0235,140300.0448,166.93296,0.20819507307442184,137279.76886,137098.6677,364.29728,0.13210122945061198,137098.6677,2.3350898690024344,0.0
5271,0.2,100,30,163439.19822,162689.7275,168.13624,0.27421944372700746,156742.36726,156644.0236,340.90558,0.08140963063719446,156644.0236,3.8595177530922555,0.0
5281,0.2,100,30,231747.74544000003,230769.7319,193.35575999999998,0.49454286385756097,230747.78086,228857.3315,240.44742000000002,0.6616515796248073,228857.3315,0.8356299479092778,0.0
5291,0.2,100,30,215489.26044,215228.094,166.46606000000003,0.09599966906013091,212749.09426,212350.554,360.37316,0.17038044022788149,212350.554,1.3550894715348885,0.0
5301,0.2,100,30,313365.74644,312689.3036,178.87946,0.22663329239095198,311154.21082,310687.4059,347.24926,0.09887766189718625,310687.4059,0.6443446570358622,0.0
5311,0.2,100,30,368465.63404000003,368219.6923,226.39224,0.053393423683962334,365222.17886,364944.2042,362.0897,0.12983253802418712,364944.2042,0.8975312012915143,0.0
