instance,jobs,LBTT,tempo,otimo,tempo,status,MP(%)
20001,4,76,0.024,103,0.166,Optimum found,26.2
20002,4,93,0.02,93,0.048,Optimum found,0.0
20003,4,98,0.021,98,0.083,Optimum found,0.0
20004,4,0,0.022,0,0.152,Optimum found,0.0
20005,4,0,0.02,0,0.088,Optimum found,0.0
20006,4,132,0.022,132,0.126,Optimum found,0.0
20007,4,364,0.023,392,0.781,Optimum found,7.1
20008,4,238,0.022,273,0.094,Optimum found,12.8
20009,4,159,0.022,162,0.177,Optimum found,1.9
20010,4,482,0.022,482,0.067,Optimum found,0.0
20011,4,499,0.022,499,0.09,Optimum found,0.0
20012,4,234,0.021,315,0.294,Optimum found,25.7
20013,4,72,0.024,72,0.104,Optimum found,0.0
20014,4,32,0.022,32,0.286,Optimum found,0.0
20015,4,26,0.022,32,0.298,Optimum found,18.8
20016,4,162,0.022,175,0.201,Optimum found,7.4
20017,4,120,0.021,120,0.098,Optimum found,0.0
20018,4,149,0.022,209,0.549,Optimum found,28.7
20019,4,285,0.022,306,0.115,Optimum found,6.9
20020,4,69,0.022,118,0.427,Optimum found,41.5
20021,4,254,0.021,257,0.252,Optimum found,1.2
20022,4,312,0.021,314,0.303,Optimum found,0.6
20023,4,29,0.021,39,0.25,Optimum found,25.6
20024,4,251,0.022,275,0.185,Optimum found,8.7
20025,4,56,0.021,65,0.115,Optimum found,13.8
20026,4,0,0.021,38,0.306,Optimum found,100.0
20027,4,155,0.021,218,0.552,Optimum found,28.9
20028,4,189,0.022,189,0.114,Optimum found,0.0
20029,4,90,0.027,90,0.129,Optimum found,0.0
20030,4,73,0.023,73,0.069,Optimum found,0.0
20031,4,448,0.024,466,0.644,Optimum found,3.9
20032,4,249,0.028,319,0.3,Optimum found,21.9
20033,4,186,0.03,203,0.087,Optimum found,8.4
20034,4,65,0.029,65,0.101,Optimum found,0.0
20035,4,821,0.027,900,0.535,Optimum found,8.8
20036,4,289,0.028,289,0.08,Optimum found,0.0
20037,4,0,0.029,48,0.195,Optimum found,100.0
20038,4,0,0.022,0,0.17,Optimum found,0.0
20039,4,0,0.021,0,0.345,Optimum found,0.0
20040,4,139,0.021,155,0.36,Optimum found,10.3
20041,4,185,0.022,186,0.096,Optimum found,0.5
20042,4,76,0.022,139,0.555,Optimum found,45.3
20043,4,308,0.021,355,0.196,Optimum found,13.2
20044,4,82,0.022,160,0.436,Optimum found,48.8
20045,4,79,0.022,79,0.168,Optimum found,0.0
20046,4,471,0.023,477,0.54,Optimum found,1.3
20047,4,325,0.022,343,0.281,Optimum found,5.2
20048,4,533,0.023,586,0.345,Optimum found,9.0
20049,4,20,0.021,20,0.161,Optimum found,0.0
20050,4,25,0.022,75,0.385,Optimum found,66.7
20051,4,35,0.022,85,0.649,Optimum found,58.8
20052,4,52,0.022,52,0.07,Optimum found,0.0
20053,4,91,0.022,106,0.186,Optimum found,14.2
20054,4,178,0.023,178,0.141,Optimum found,0.0
20055,4,212,0.022,235,0.358,Optimum found,9.8
20056,4,409,0.023,437,0.563,Optimum found,6.4
20057,4,275,0.022,282,0.195,Optimum found,2.5
20058,4,461,0.022,473,0.185,Optimum found,2.5
20059,4,160,0.021,160,0.081,Optimum found,0.0
20060,4,579,0.022,640,0.599,Optimum found,9.5
20061,4,47,0.024,75,0.604,Optimum found,37.3
20062,4,0,0.021,14,0.39,Optimum found,100.0
20063,4,72,0.022,72,0.122,Optimum found,0.0
20064,4,163,0.022,165,0.319,Optimum found,1.2
20065,4,278,0.022,278,0.057,Optimum found,0.0
20066,4,233,0.022,316,0.599,Optimum found,26.3
20067,4,363,0.029,416,0.115,Optimum found,12.7
20068,4,208,0.029,273,0.388,Optimum found,23.8
20069,4,408,0.029,414,0.217,Optimum found,1.4
20070,4,126,0.032,126,0.101,Optimum found,0.0
20071,4,364,0.029,370,0.133,Optimum found,1.6
20072,4,487,0.028,510,0.088,Optimum found,4.5
20073,4,0,0.022,0,0.185,Optimum found,0.0
20074,4,271,0.021,295,0.341,Optimum found,8.1
20075,4,40,0.022,40,0.063,Optimum found,0.0
20076,4,221,0.021,221,0.086,Optimum found,0.0
20077,4,146,0.021,146,0.071,Optimum found,0.0
20078,4,52,0.022,74,0.205,Optimum found,29.7
20079,4,288,0.023,288,0.224,Optimum found,0.0
20080,4,2,0.024,25,0.307,Optimum found,92.0
20081,4,197,0.021,212,0.16,Optimum found,7.1
20082,4,181,0.022,181,0.079,Optimum found,0.0
20083,4,373,0.022,377,0.067,Optimum found,1.1
20084,4,63,0.022,97,0.474,Optimum found,35.1
20085,4,0,0.022,0,0.057,Optimum found,0.0
20086,4,21,0.021,58,0.18,Optimum found,63.8
20087,4,18,0.022,18,0.308,Optimum found,0.0
20088,4,367,0.021,390,0.3,Optimum found,5.9
20089,4,149,0.027,160,0.444,Optimum found,6.9
20090,4,14,0.025,33,0.149,Optimum found,57.6
20091,4,277,0.032,285,0.081,Optimum found,2.8
20092,4,376,0.03,376,0.067,Optimum found,0.0
20093,4,435,0.024,451,0.417,Optimum found,3.5
20094,4,107,0.031,114,0.072,Optimum found,6.1
20095,4,282,0.035,312,0.155,Optimum found,9.6
20096,4,198,0.032,198,0.074,Optimum found,0.0
20097,4,96,0.035,96,0.083,Optimum found,0.0
20098,4,0,0.036,0,0.123,Optimum found,0.0
20099,4,130,0.029,201,0.584,Optimum found,35.3
20100,4,93,0.027,93,0.102,Optimum found,0.0
20101,4,0,0.03,0,0.04,Optimum found,0.0
20102,4,278,0.027,278,0.053,Optimum found,0.0
20103,4,373,0.027,387,0.09,Optimum found,3.6
20104,4,242,0.026,368,0.509,Optimum found,34.2
20105,4,503,0.027,549,0.645,Optimum found,8.4
20106,4,351,0.026,373,0.168,Optimum found,5.9
20107,4,439,0.027,502,0.691,Optimum found,12.5
20108,4,291,0.031,303,0.228,Optimum found,4.0
20109,4,0,0.029,0,0.779,Optimum found,0.0
20110,4,77,0.028,77,0.086,Optimum found,0.0
20111,4,4,0.028,44,0.466,Optimum found,90.9
20112,4,197,0.03,197,0.137,Optimum found,0.0
20113,4,95,0.026,95,0.126,Optimum found,0.0
20114,4,91,0.03,97,0.727,Optimum found,6.2
20115,4,129,0.029,199,0.465,Optimum found,35.2
20116,4,265,0.025,270,0.11,Optimum found,1.9
20117,4,249,0.026,319,0.303,Optimum found,21.9
20118,4,186,0.026,202,0.375,Optimum found,7.9
20119,4,550,0.028,606,0.842,Optimum found,9.2
20120,4,103,0.027,130,0.244,Optimum found,20.8
20121,4,106,0.026,113,0.207,Optimum found,6.2
20122,4,75,0.027,101,0.324,Optimum found,25.7
20123,4,57,0.036,108,0.189,Optimum found,47.2
20124,4,118,0.035,118,0.309,Optimum found,0.0
20125,4,51,0.028,51,0.095,Optimum found,0.0
20126,4,155,0.025,177,0.47,Optimum found,12.4
20127,4,223,0.028,245,0.269,Optimum found,9.0
20128,4,423,0.029,497,0.405,Optimum found,14.9
20129,4,477,0.027,483,0.17,Optimum found,1.2
20130,4,0,0.025,0,0.157,Optimum found,0.0
20131,4,356,0.026,384,0.289,Optimum found,7.3
20132,4,237,0.026,246,0.082,Optimum found,3.7
20133,4,0,0.028,0,0.131,Optimum found,0.0
20134,4,102,0.026,102,0.045,Optimum found,0.0
20135,4,96,0.027,96,0.108,Optimum found,0.0
20136,4,311,0.03,409,0.688,Optimum found,24.0
20137,4,171,0.027,171,0.102,Optimum found,0.0
20138,4,247,0.024,279,0.16,Optimum found,11.5
20139,4,271,0.024,325,0.276,Optimum found,16.6
20140,4,196,0.028,231,0.165,Optimum found,15.2
20141,4,272,0.032,272,0.141,Optimum found,0.0
20142,4,546,0.026,551,0.079,Optimum found,0.9
20143,4,19,0.035,26,0.251,Optimum found,26.9
20144,4,301,0.035,354,0.306,Optimum found,15.0
20145,6,22,0.035,59,56.105,Optimum found,62.7
20146,6,30,0.03,152,1.615,Optimum found,80.3
20147,6,12,0.028,32,4.552,Optimum found,62.5
20148,6,145,0.03,145,0.422,Optimum found,0.0
20149,6,397,0.028,397,0.591,Optimum found,0.0
20150,6,250,0.029,250,0.439,Optimum found,0.0
20151,6,77,0.027,169,0.92,Optimum found,54.4
20152,6,440,0.029,601,1.411,Optimum found,26.8
20153,6,536,0.033,703,2.258,Optimum found,23.8
20154,6,731,0.031,801,0.847,Optimum found,8.7
20155,6,239,0.03,243,1.824,Optimum found,1.6
20156,6,185,0.029,185,0.395,Optimum found,0.0
20157,6,0,0.029,50,23.196,Optimum found,100.0
20158,6,0,0.028,0,1.024,Optimum found,0.0
20159,6,0,0.028,0,1.212,Optimum found,0.0
20160,6,108,0.028,108,0.923,Optimum found,0.0
20161,6,145,0.03,192,18.086,Optimum found,24.5
20162,6,25,0.029,25,0.472,Optimum found,0.0
20163,6,674,0.029,674,3.101,Optimum found,0.0
20164,6,444,0.029,471,1.536,Optimum found,5.7
20165,6,687,0.029,713,6.828,Optimum found,3.6
20166,6,646,0.029,814,1.394,Optimum found,20.6
20167,6,167,0.034,270,8.097,Optimum found,38.1
20168,6,240,0.035,297,9.888,Optimum found,19.2
20169,6,0,0.042,0,1.072,Optimum found,0.0
20170,6,26,0.034,48,5.4,Optimum found,45.8
20171,6,107,0.03,144,4.905,Optimum found,25.7
20172,6,429,0.029,447,1.145,Optimum found,4.0
20173,6,530,0.029,638,1.103,Optimum found,16.9
20174,6,580,0.029,713,3.78,Optimum found,18.7
20175,6,496,0.029,661,4.125,Optimum found,25.0
20176,6,593,0.028,629,23.58,Optimum found,5.7
20177,6,151,0.03,155,2.092,Optimum found,2.6
20178,6,1080,0.029,1214,5.601,Optimum found,11.0
20179,6,1344,0.029,1362,1.162,Optimum found,1.3
20180,6,640,0.029,751,1.393,Optimum found,14.8
20181,6,80,0.029,165,1.921,Optimum found,51.5
20182,6,144,0.031,158,4.724,Optimum found,8.9
20183,6,0,0.029,0,0.526,Optimum found,0.0
20184,6,52,0.029,52,1.186,Optimum found,0.0
20185,6,242,0.028,266,4.368,Optimum found,9.0
20186,6,150,0.029,184,9.596,Optimum found,18.5
20187,6,299,0.031,355,1.353,Optimum found,15.8
20188,6,425,0.029,557,1.509,Optimum found,23.7
20189,6,291,0.028,416,44.199,Optimum found,30.0
20190,6,539,0.029,751,39.397,Optimum found,28.2
20191,6,408,0.028,462,1.726,Optimum found,11.7
20192,6,65,0.028,75,5.757,Optimum found,13.3
20193,6,22,0.03,22,0.549,Optimum found,0.0
20194,6,157,0.037,303,4.257,Optimum found,48.2
20195,6,7,0.033,7,0.579,Optimum found,0.0
20196,6,281,0.035,309,2.958,Optimum found,9.1
20197,6,104,0.032,104,0.213,Optimum found,0.0
20198,6,0,0.03,0,0.606,Optimum found,0.0
20199,6,664,0.029,785,2.332,Optimum found,15.4
20200,6,819,0.029,919,33.786,Optimum found,10.9
20201,6,566,0.029,645,1.461,Optimum found,12.2
20202,6,693,0.029,794,2.894,Optimum found,12.7
20203,6,313,0.029,344,3.287,Optimum found,9.0
20204,6,841,0.029,983,8.387,Optimum found,14.4
20205,6,105,0.029,277,40.723,Optimum found,62.1
20206,6,16,0.029,45,2.522,Optimum found,64.4
20207,6,12,0.029,66,2.021,Optimum found,81.8
20208,6,0,0.029,0,1.122,Optimum found,0.0
20209,6,235,0.031,235,0.493,Optimum found,0.0
20210,6,111,0.031,192,1.253,Optimum found,42.2
20211,6,425,0.03,480,1.07,Optimum found,11.5
20212,6,225,0.029,433,47.543,Optimum found,48.0
20213,6,300,0.033,422,2.069,Optimum found,28.9
20214,6,1054,0.03,1085,0.779,Optimum found,2.9
20215,6,792,0.029,891,0.903,Optimum found,11.1
20216,6,775,0.029,862,2.988,Optimum found,10.1
20217,6,77,0.03,88,0.553,Optimum found,12.5
20218,6,239,0.03,366,6.405,Optimum found,34.7
20219,6,23,0.035,39,6.583,Optimum found,41.0
20220,6,148,0.038,181,15.432,Optimum found,18.2
20221,6,178,0.047,253,5.156,Optimum found,29.6
20222,6,47,0.036,47,0.251,Optimum found,0.0
20223,6,260,0.029,380,4.524,Optimum found,31.6
20224,6,131,0.03,257,3.035,Optimum found,49.0
20225,6,66,0.029,138,2.414,Optimum found,52.2
20226,6,327,0.029,451,1.265,Optimum found,27.5
20227,6,1,0.029,124,3.566,Optimum found,99.2
20228,6,319,0.029,421,0.569,Optimum found,24.2
20229,6,0,0.03,0,1.066,Optimum found,0.0
20230,6,108,0.029,113,3.434,Optimum found,4.4
20231,6,95,0.029,157,1.846,Optimum found,39.5
20232,6,63,0.029,65,7.018,Optimum found,3.1
20233,6,567,0.029,618,85.169,Optimum found,8.3
20234,6,166,0.029,269,10.896,Optimum found,38.3
20235,6,845,0.031,917,2.113,Optimum found,7.9
20236,6,225,0.029,364,2.216,Optimum found,38.2
20237,6,426,0.029,486,3.507,Optimum found,12.3
20238,6,397,0.03,463,3.289,Optimum found,14.3
20239,6,402,0.03,560,15.954,Optimum found,28.2
20240,6,987,0.031,1226,2,Optimum found,19.5
20241,6,106,0.029,210,4.161,Optimum found,49.5
20242,6,187,0.042,242,1.799,Optimum found,22.7
20243,6,329,0.03,382,11.226,Optimum found,13.9
20244,6,57,0.029,57,0.807,Optimum found,0.0
20245,6,218,0.031,238,0.546,Optimum found,8.4
20246,6,89,0.036,97,0.455,Optimum found,8.2
20247,6,0,0.029,103,4.344,Optimum found,100.0
20248,6,327,0.031,438,5.695,Optimum found,25.3
20249,6,307,0.029,464,6.05,Optimum found,33.8
20250,6,978,0.036,1090,1.749,Optimum found,10.3
20251,6,144,0.03,166,108.133,Optimum found,13.3
20252,6,598,0.03,636,2.008,Optimum found,6.0
20253,6,0,0.03,47,7.281,Optimum found,100.0
20254,6,60,0.029,137,8.069,Optimum found,56.2
20255,6,0,0.029,10,5.767,Optimum found,100.0
20256,6,237,0.029,237,0.58,Optimum found,0.0
20257,6,441,0.03,609,12.674,Optimum found,27.6
20258,6,239,0.03,390,4.119,Optimum found,38.7
20259,6,492,0.03,570,0.887,Optimum found,13.7
20260,6,199,0.029,208,0.69,Optimum found,4.3
20261,6,129,0.03,272,3.484,Optimum found,52.6
20262,6,135,0.03,157,1.513,Optimum found,14.0
20263,6,472,0.034,532,0.717,Optimum found,11.3
20264,6,348,0.043,417,7.961,Optimum found,16.5
20265,6,90,0.04,99,3.703,Optimum found,9.1
20266,6,9,0.029,9,1.021,Optimum found,0.0
20267,6,14,0.03,47,10.642,Optimum found,70.2
20268,6,319,0.029,457,2.573,Optimum found,30.2
20269,6,306,0.033,327,3.099,Optimum found,6.4
20270,6,172,0.03,217,1.7,Optimum found,20.7
20271,6,232,0.03,336,0.528,Optimum found,31.0
20272,6,244,0.031,389,11.556,Optimum found,37.3
20273,6,420,0.04,530,1.773,Optimum found,20.8
20274,6,370,0.039,381,3.794,Optimum found,2.9
20275,6,544,0.033,644,2.68,Optimum found,15.5
20276,6,435,0.042,518,18.868,Optimum found,16.0
20277,6,0,0.048,0,0.885,Optimum found,0.0
20278,6,47,0.05,115,8.348,Optimum found,59.1
20279,6,127,0.048,191,4.904,Optimum found,33.5
20280,6,216,0.04,245,0.917,Optimum found,11.8
20281,6,200,0.036,200,0.622,Optimum found,0.0
20282,6,282,0.035,293,39.684,Optimum found,3.8
20283,6,352,0.038,474,4.49,Optimum found,25.7
20284,6,137,0.05,344,1.668,Optimum found,60.2
20285,6,73,0.045,251,5.393,Optimum found,70.9
20286,6,718,0.042,760,1.408,Optimum found,5.5
20287,6,715,0.034,820,1.204,Optimum found,12.8
20288,6,50,0.035,169,20.592,Optimum found,70.4
20289,8,0,0.041,0,6.088,Optimum found,0.0
20290,8,90,0.05,90,2.299,Optimum found,0.0
20291,8,75,0.047,109,136.568,Optimum found,31.2
20292,8,239,0.044,279,7.413,Optimum found,14.3
20293,8,226,0.047,226,1.274,Optimum found,0.0
20294,8,0,0.045,0,2.493,Optimum found,0.0
20295,8,257,0.043,370,36.751,Optimum found,30.5
20296,8,192,0.047,346,609.595,Optimum found,44.5
20297,8,25,0.044,236,76.095,Optimum found,89.4
20298,8,983,0.045,1040,7.3,Optimum found,5.5
20301,8,0,0.046,23,819.719,Optimum found,100.0
20302,8,23,0.049,46,15.528,Optimum found,50.0
20304,8,190,0.052,225,17.324,Optimum found,15.6
20305,8,389,0.045,409,4.179,Optimum found,4.9
20306,8,376,0.045,477,18.466,Optimum found,21.2
20307,8,475,0.048,600,241.052,Optimum found,20.8
20308,8,860,0.05,1202,110.808,Optimum found,28.5
20309,8,883,0.042,1229,677.886,Optimum found,28.2
20310,8,1123,0.039,1305,531.641,Optimum found,13.9
20311,8,904,0.038,979,7.229,Optimum found,7.7
20312,8,313,0.038,348,6.978,Optimum found,10.1
20313,8,48,0.04,66,14.727,Optimum found,27.3
20314,8,0,0.041,0,104.657,Optimum found,0.0
20315,8,0,0.044,0,21.483,Optimum found,0.0
20317,8,578,0.038,704,356.2,Optimum found,17.9
20318,8,145,0.038,172,128.834,Optimum found,15.7
20319,8,305,0.039,697,76.645,Optimum found,56.2
20320,8,564,0.039,723,40.168,Optimum found,22.0
20321,8,450,0.039,903,3010.37,Optimum found,50.2
20322,8,745,0.037,1103,1114.02,Optimum found,32.5
20323,8,1194,0.039,1365,51.55,Optimum found,12.5
20324,8,1542,0.038,2048,781.881,Optimum found,24.7
20325,8,0,0.038,19,530.048,Optimum found,100.0
20326,8,19,0.041,67,67.793,Optimum found,71.6
20327,8,13,0.04,86,55.938,Optimum found,84.9
20328,8,423,0.041,507,761.563,Optimum found,16.6
20329,8,280,0.038,324,303.152,Optimum found,13.6
20330,8,88,0.038,88,1.618,Optimum found,0.0
20333,8,313,0.039,591,31.726,Optimum found,47.0
20334,8,793,0.039,921,3.485,Optimum found,13.9
20335,8,769,0.04,899,111.085,Optimum found,14.5
20336,8,470,0.045,709,11.854,Optimum found,33.7
20340,8,43,0.038,48,101.296,Optimum found,10.4
20341,8,454,0.038,488,6.536,Optimum found,7.0
20342,8,0,0.037,0,1.947,Optimum found,0.0
20344,8,630,0.045,928,64.808,Optimum found,32.1
20345,8,580,0.041,1044,1735.75,Optimum found,44.4
20346,8,977,0.039,1236,711.008,Optimum found,21.0
20347,8,634,0.041,833,127.137,Optimum found,23.9
20348,8,1223,0.038,1535,172.847,Optimum found,20.3
20349,8,150,0.038,277,346.691,Optimum found,45.8
20350,8,8,0.038,189,3434.29,Optimum found,95.8
20351,8,91,0.038,182,2245.2,Optimum found,50.0
20352,8,302,0.038,347,38.557,Optimum found,13.0
20353,8,193,0.041,200,3.139,Optimum found,3.5
20354,8,0,0.038,0,2.07,Optimum found,0.0
20355,8,890,0.038,1152,493.773,Optimum found,22.7
20356,8,1055,0.041,1260,1403.38,Optimum found,16.3
20357,8,589,0.045,923,92.165,Optimum found,36.2
20358,8,492,0.043,495,4.274,Optimum found,0.6
20359,8,194,0.038,402,42.401,Optimum found,51.7
20360,8,771,0.039,928,102.352,Optimum found,16.9
20361,8,4,0.039,37,122.991,Optimum found,89.2
20362,8,0,0.038,24,76.767,Optimum found,100.0
20363,8,0,0.038,47,2717.19,Optimum found,100.0
20365,8,204,0.039,244,428.615,Optimum found,16.4
20366,8,418,0.039,427,6.86,Optimum found,2.1
20368,8,671,0.041,841,738.079,Optimum found,20.2
20369,8,105,0.039,337,142.605,Optimum found,68.8
20370,8,1004,0.04,1223,7.035,Optimum found,17.9
20371,8,487,0.039,651,111.535,Optimum found,25.2
20373,8,74,0.039,119,20.317,Optimum found,37.8
20376,8,228,0.038,228,3.754,Optimum found,0.0
20377,8,57,0.043,121,60.613,Optimum found,52.9
20378,8,372,0.052,409,4.086,Optimum found,9.0
20381,8,550,0.039,721,986.57,Optimum found,23.7
20383,8,548,0.039,619,124.308,Optimum found,11.5
20384,8,890,0.041,1041,175.627,Optimum found,14.5
20385,8,0,0.039,3,1130.84,Optimum found,100.0
20386,8,86,0.041,112,22.706,Optimum found,23.2
20387,8,91,0.039,355,250.451,Optimum found,74.4
20388,8,216,0.04,317,11.999,Optimum found,31.9
20389,8,54,0.04,71,227.128,Optimum found,23.9
20390,8,339,0.047,385,34.836,Optimum found,11.9
20391,8,384,0.039,595,180.972,Optimum found,35.5
20393,8,495,0.039,632,87.531,Optimum found,21.7
20394,8,420,0.038,530,230.195,Optimum found,20.8
20395,8,1392,0.04,1507,12.249,Optimum found,7.6
20396,8,764,0.038,1035,126.739,Optimum found,26.2
20397,8,10,0.039,59,68.953,Optimum found,83.1
20398,8,0,0.045,0,35.992,Optimum found,0.0
20399,8,0,0.04,0,6.564,Optimum found,0.0
20400,8,149,0.039,177,264.246,Optimum found,15.8
20401,8,101,0.04,114,3.987,Optimum found,11.4
20402,8,392,0.042,451,7.971,Optimum found,13.1
20403,8,245,0.042,512,56.262,Optimum found,52.1
20405,8,124,0.039,687,54.971,Optimum found,82.0
20406,8,280,0.051,382,818.007,Optimum found,26.7
20407,8,206,0.044,208,56.183,Optimum found,1.0
20408,8,55,0.053,101,27.235,Optimum found,45.5
20409,8,0,0.046,82,161.654,Optimum found,100.0
20410,8,92,0.053,200,1756.13,Optimum found,54.0
20412,8,255,0.046,289,18.015,Optimum found,11.8
20413,8,296,0.052,371,310.331,Optimum found,20.2
20414,8,88,0.042,109,113.757,Optimum found,19.3
20415,8,81,0.048,280,1322.26,Optimum found,71.1
20417,8,447,0.051,594,104.963,Optimum found,24.7
20418,8,463,0.05,593,358.366,Optimum found,21.9
20419,8,347,0.049,522,625.571,Optimum found,33.5
20421,8,18,0.048,39,54.267,Optimum found,53.8
20422,8,106,0.049,316,181.843,Optimum found,66.5
20423,8,261,0.049,386,527.689,Optimum found,32.4
20424,8,41,0.048,41,1.923,Optimum found,0.0
20425,8,106,0.048,133,7.475,Optimum found,20.3
20426,8,325,0.059,409,1383.96,Optimum found,20.5
20427,8,376,0.058,730,694.214,Optimum found,48.5
20428,8,940,0.058,1086,572.108,Optimum found,13.4
20429,8,571,0.049,830,332.456,Optimum found,31.2
20430,8,1164,0.051,1339,216.719,Optimum found,13.1
20431,8,821,0.049,984,79.342,Optimum found,16.6
20432,8,160,0.051,160,8.014,Optimum found,0.0
20433,10,0,0.062,0,1107.23,Optimum found,0.0
20435,10,0,0.049,0,35.147,Optimum found,0.0
20437,10,241,0.049,258,2.995,Optimum found,6.6
20438,10,387,0.049,572,1048.96,Optimum found,32.3
20442,10,257,0.054,442,1071.47,Optimum found,41.9
20445,10,0,0.048,0,18.205,Optimum found,0.0
20447,10,97,0.049,97,402.508,Optimum found,0.0
20450,10,502,0.051,588,49.827,Optimum found,14.6
20454,10,765,0.051,876,154.955,Optimum found,12.7
20456,10,700,0.05,823,1112.38,Optimum found,14.9
20459,10,0,0.053,0,1145.87,Optimum found,0.0
20462,10,779,0.058,980,2394.9,Optimum found,20.5
20470,10,0,0.05,0,23.666,Optimum found,0.0
20472,10,190,0.049,191,67.003,Optimum found,0.5
20474,10,13,0.051,13,25.038,Optimum found,0.0
20484,10,211,0.05,233,51.471,Optimum found,9.4
20485,10,90,0.051,114,1764.22,Optimum found,21.1
20486,10,734,0.052,774,9.454,Optimum found,5.2
20495,10,0,0.05,0,24.492,Optimum found,0.0
20496,10,138,0.053,146,15.382,Optimum found,5.5
20506,10,0,0.054,0,105.098,Optimum found,0.0
20518,10,6,0.074,6,158.965,Optimum found,0.0
20522,10,238,0.065,246,150.4,Optimum found,3.3
20526,10,366,0.064,401,863.446,Optimum found,8.7
20532,10,174,0.077,174,7.831,Optimum found,0.0
20533,10,220,0.064,227,17.862,Optimum found,3.1
20534,10,185,0.061,286,831.435,Optimum found,35.3
20541,10,0,0.051,0,57.305,Optimum found,0.0
20543,10,0,0.05,0,287.285,Optimum found,0.0
20553,10,0,0.051,0,26.801,Optimum found,0.0
20556,10,129,0.053,150,1062.36,Optimum found,14.0
20558,10,196,0.061,203,15.575,Optimum found,3.4
20567,10,0,0.052,0,362.467,Optimum found,0.0
20299,8,805,0.045,1198,3599.75,Unfinished,
20300,8,257,0.046,414,3599.38,Unfinished,
20303,8,79,0.06,139,3599.56,Unfinished,
20316,8,270,0.038,609,3599.27,Unfinished,
20331,8,228,0.038,479,3599.66,Unfinished,
20332,8,352,0.041,605,3599.33,Unfinished,
20337,8,262,0.048,370,3599.75,Unfinished,
20338,8,239,0.039,387,3599.8,Unfinished,
20339,8,0,0.038,242,3599.93,Unfinished,
20343,8,99,0.037,355,3599.37,Unfinished,
20364,8,110,0.039,332,3599.46,Unfinished,
20367,8,101,0.038,436,3600.8,Unfinished,
20372,8,193,0.039,254,3599.21,Unfinished,
20374,8,47,0.039,294,3599.66,Unfinished,
20375,8,25,0.039,84,3600.03,Unfinished,
20379,8,335,0.047,809,3599.98,Unfinished,
20380,8,548,0.04,793,3599.84,Unfinished,
20382,8,423,0.041,623,3599.15,Unfinished,
20392,8,203,0.038,670,3601.58,Unfinished,
20404,8,58,0.04,332,3607.53,Unfinished,
20411,8,35,0.046,88,3599.81,Unfinished,
20416,8,343,0.045,643,3599.89,Unfinished,
20420,8,343,0.052,401,3599.93,Unfinished,
20434,10,36,0.059,254,3599.58,Unfinished,
20436,10,223,0.049,299,3599.94,Unfinished,
20439,10,91,0.047,504,3599.88,Unfinished,
20440,10,228,0.048,573,3599.93,Unfinished,
20441,10,224,0.051,626,3599.44,Unfinished,
20443,10,712,0.059,988,3673.92,Unfinished,
20444,10,485,0.06,832,3600.06,Unfinished,
20446,10,67,0.049,152,3599.82,Unfinished,
20448,10,375,0.05,507,3599.23,Unfinished,
20449,10,312,0.047,592,3599.55,Unfinished,
20451,10,447,0.05,819,3599.99,Unfinished,
20452,10,368,0.05,684,3599.1,Unfinished,
20453,10,300,0.049,794,3599.94,Unfinished,
20455,10,728,0.049,1023,3599.57,Unfinished,
20457,10,18,0.05,193,3599.43,Unfinished,
20458,10,63,0.049,497,3600.11,Unfinished,
20460,10,598,0.061,1168,3600.38,Unfinished,
20461,10,507,0.051,847,3599.49,Unfinished,
20463,10,78,0.072,994,3600.11,Unfinished,
20464,10,267,0.053,641,3600.67,Unfinished,
20465,10,490,0.051,1100,3600.16,Unfinished,
20466,10,960,0.051,1359,3599.38,Unfinished,
20467,10,1758,0.053,2321,3599.57,Unfinished,
20468,10,356,0.057,675,3599.71,Unfinished,
20469,10,18,0.05,240,3599.8,Unfinished,
20471,10,0,0.05,9,3600.02,Unfinished,
20473,10,358,0.05,589,3599.25,Unfinished,
20475,10,349,0.05,977,3599.29,Unfinished,
20476,10,732,0.051,1175,3599.94,Unfinished,
20477,10,0,0.048,492,3599.7,Unfinished,
20478,10,351,0.049,569,3599.73,Unfinished,
20479,10,138,0.049,302,3599.17,Unfinished,
20480,10,437,0.05,629,3600.24,Unfinished,
20481,10,140,0.053,622,3599.62,Unfinished,
20482,10,100,0.051,106,3599.46,Unfinished,
20483,10,0,0.054,82,3599.04,Unfinished,
20487,10,508,0.064,1192,3600.11,Unfinished,
20488,10,762,0.065,1243,3599.52,Unfinished,
20489,10,428,0.057,1046,3600.02,Unfinished,
20490,10,207,0.049,469,3600.1,Unfinished,
20491,10,518,0.049,1275,3599.47,Unfinished,
20492,10,535,0.05,589,3599.29,Unfinished,
20493,10,113,0.054,258,3599.19,Unfinished,
20494,10,0,0.05,35,3599.85,Unfinished,
20497,10,308,0.051,412,3599.11,Unfinished,
20498,10,240,0.049,363,3600.39,Unfinished,
20499,10,712,0.05,1301,3599.28,Unfinished,
20500,10,805,0.052,1488,3600.58,Unfinished,
20501,10,487,0.05,1250,3599.8,Unfinished,
20502,10,1016,0.05,1331,3599.18,Unfinished,
20503,10,1147,0.054,1489,3599.97,Unfinished,
20504,10,628,0.065,832,3599.22,Unfinished,
20505,10,6,0.056,48,3599.96,Unfinished,
20507,10,39,0.051,57,3599.91,Unfinished,
20508,10,462,0.051,684,3599.44,Unfinished,
20509,10,442,0.052,588,3599.8,Unfinished,
20510,10,299,0.054,388,3599.78,Unfinished,
20511,10,365,0.051,939,3601.41,Unfinished,
20512,10,186,0.055,616,3601.23,Unfinished,
20513,10,528,0.068,761,3600.07,Unfinished,
20514,10,554,0.065,757,3600.1,Unfinished,
20515,10,422,0.065,523,3599.71,Unfinished,
20516,10,743,0.061,976,3600.19,Unfinished,
20517,10,0,0.058,173,3600.25,Unfinished,
20519,10,12,0.08,222,3599.45,Unfinished,
20520,10,177,0.063,186,3599.96,Unfinished,
20521,10,528,0.063,646,3599.52,Unfinished,
20523,10,457,0.057,1374,3600.41,Unfinished,
20524,10,302,0.059,824,3599.47,Unfinished,
20525,10,373,0.063,786,3599.79,Unfinished,
20527,10,220,0.065,287,3599.39,Unfinished,
20528,10,577,0.061,913,3599.83,Unfinished,
20529,10,61,0.063,400,3730.25,Unfinished,
20530,10,57,0.057,223,3599.74,Unfinished,
20531,10,0,0.068,36,3600.3,Unfinished,
20535,10,371,0.06,904,3599.27,Unfinished,
20536,10,903,0.052,1442,3602.83,Unfinished,
20537,10,529,0.053,1110,3599.74,Unfinished,
20538,10,846,0.05,1737,3599.6,Unfinished,
20539,10,416,0.051,729,3600.35,Unfinished,
20540,10,921,0.05,1143,3599.19,Unfinished,
20542,10,0,0.05,10,3599.5,Unfinished,
20544,10,69,0.051,134,3599.89,Unfinished,
20545,10,42,0.05,290,3599.92,Unfinished,
20546,10,363,0.051,546,3600.23,Unfinished,
20547,10,121,0.051,346,3599.42,Unfinished,
20548,10,366,0.051,1117,3599.86,Unfinished,
20549,10,475,0.053,672,3803.9,Unfinished,
20550,10,1595,0.053,1765,3599.5,Unfinished,
20551,10,617,0.053,747,3599.95,Unfinished,
20552,10,1520,0.052,1665,3913.27,Unfinished,
20554,10,0,0.052,14,3599.09,Unfinished,
20555,10,40,0.053,363,3599.95,Unfinished,
20557,10,357,0.052,471,3599.73,Unfinished,
20559,10,247,0.068,668,3599.55,Unfinished,
20560,10,369,0.07,838,3625,Unfinished,
20561,10,521,0.068,770,3600.09,Unfinished,
20562,10,1034,0.056,1257,3600.31,Unfinished,
20563,10,396,0.054,876,3600.91,Unfinished,
20564,10,894,0.056,1256,3599.48,Unfinished,
20565,10,0,0.059,118,3599.07,Unfinished,
20566,10,19,0.064,101,3599.09,Unfinished,
20568,10,382,0.051,512,3599.65,Unfinished,
20569,10,618,0.053,883,3599.94,Unfinished,
20570,10,408,0.051,879,3600.02,Unfinished,
20571,10,213,0.051,716,3600.6,Unfinished,
20572,10,744,0.052,1399,3600.05,Unfinished,
20573,10,533,0.067,1094,3599.77,Unfinished,
20574,10,436,0.059,597,3599.92,Unfinished,
20575,10,1055,0.06,1152,3599.65,Unfinished,
20576,10,563,0.053,852,3599.93,Unfinished,
